FFFFFFFFFFFFFFFFFFFFFFFFFFFFFFFFFFFFFFFFFFFFFFFFFFFFFFFFFFFFFFFFF        [100%]
=================================== FAILURES ===================================
_________ test_gdn_build_classification[mixed_decode_and_spec_decode] __________

test_case = GDNBuildTestCase(seq_lens=[65, 20], query_lens=[1, 3], num_decode_draft_tokens=[-1, 2], num_speculative_tokens=2, expected_num_decodes=0, expected_num_prefills=1, expected_num_prefill_tokens=1, expected_num_spec_decodes=1)

    @pytest.mark.parametrize(
        "test_case", GDN_BUILD_TEST_CASES.values(), ids=GDN_BUILD_TEST_CASES.keys()
    )
    def test_gdn_build_classification(test_case: GDNBuildTestCase):
        """Test that GDN metadata builder classifies requests correctly."""
>       builder = _create_gdn_builder(test_case.num_speculative_tokens)
                  ^^^^^^^^^^^^^^^^^^^^^^^^^^^^^^^^^^^^^^^^^^^^^^^^^^^^^

tests/v1/attention/test_gdn_metadata_builder.py:208: 
_ _ _ _ _ _ _ _ _ _ _ _ _ _ _ _ _ _ _ _ _ _ _ _ _ _ _ _ _ _ _ _ _ _ _ _ _ _ _ _ 
tests/v1/attention/test_gdn_metadata_builder.py:156: in _create_gdn_builder
    vllm_config = create_vllm_config(
_ _ _ _ _ _ _ _ _ _ _ _ _ _ _ _ _ _ _ _ _ _ _ _ _ _ _ _ _ _ _ _ _ _ _ _ _ _ _ _ 

model_name = 'Qwen/Qwen3.5-0.8B', tensor_parallel_size = 1, max_model_len = 1024
dtype = 'auto', num_gpu_blocks = 1000, block_size = 16, max_num_seqs = 256
max_num_batched_tokens = 8192, enable_chunked_prefill = True
add_mock_model_methods = True, hf_config_override = None

    def create_vllm_config(
        model_name: str = "meta-llama/Meta-Llama-3-8B",
        tensor_parallel_size: int = 1,
        max_model_len: int = 1024,
        dtype: ModelDType | torch.dtype = "auto",
        num_gpu_blocks: int = 1000,
        block_size: int = 16,
        max_num_seqs: int = 256,
        max_num_batched_tokens: int = 8192,
        enable_chunked_prefill: bool = True,
        add_mock_model_methods: bool = True,
        hf_config_override: dict | None = None,
    ) -> VllmConfig:
        """Create a VllmConfig for testing with reasonable defaults."""
>       model_config = ModelConfig(
            model=model_name,
            tokenizer=model_name,
            trust_remote_code=False,
            dtype=dtype,
            seed=0,
            max_model_len=max_model_len,
        )
E       pydantic_core._pydantic_core.ValidationError: 1 validation error for ModelConfig
E         Value error, Invalid repository ID or local directory specified: 'Qwen/Qwen3.5-0.8B'.
E       Please verify the following requirements:
E       1. Provide a valid Hugging Face repository ID.
E       2. Specify a local directory that contains a recognized configuration file.
E          - For Hugging Face models: ensure the presence of a 'config.json'.
E          - For Mistral models: ensure the presence of a 'params.json'.
E        [type=value_error, input_value=ArgsKwargs((), {'model': ... 'max_model_len': 1024}), input_type=ArgsKwargs]
E           For further information visit https://errors.pydantic.dev/2.13/v/value_error

tests/v1/attention/utils.py:196: ValidationError
_______________ test_gdn_build_classification[pure_spec_decode] ________________

test_case = GDNBuildTestCase(seq_lens=[50, 30], query_lens=[3, 3], num_decode_draft_tokens=[2, 2], num_speculative_tokens=2, expected_num_decodes=0, expected_num_prefills=0, expected_num_prefill_tokens=0, expected_num_spec_decodes=2)

    @pytest.mark.parametrize(
        "test_case", GDN_BUILD_TEST_CASES.values(), ids=GDN_BUILD_TEST_CASES.keys()
    )
    def test_gdn_build_classification(test_case: GDNBuildTestCase):
        """Test that GDN metadata builder classifies requests correctly."""
>       builder = _create_gdn_builder(test_case.num_speculative_tokens)
                  ^^^^^^^^^^^^^^^^^^^^^^^^^^^^^^^^^^^^^^^^^^^^^^^^^^^^^

tests/v1/attention/test_gdn_metadata_builder.py:208: 
_ _ _ _ _ _ _ _ _ _ _ _ _ _ _ _ _ _ _ _ _ _ _ _ _ _ _ _ _ _ _ _ _ _ _ _ _ _ _ _ 
tests/v1/attention/test_gdn_metadata_builder.py:156: in _create_gdn_builder
    vllm_config = create_vllm_config(
_ _ _ _ _ _ _ _ _ _ _ _ _ _ _ _ _ _ _ _ _ _ _ _ _ _ _ _ _ _ _ _ _ _ _ _ _ _ _ _ 

model_name = 'Qwen/Qwen3.5-0.8B', tensor_parallel_size = 1, max_model_len = 1024
dtype = 'auto', num_gpu_blocks = 1000, block_size = 16, max_num_seqs = 256
max_num_batched_tokens = 8192, enable_chunked_prefill = True
add_mock_model_methods = True, hf_config_override = None

    def create_vllm_config(
        model_name: str = "meta-llama/Meta-Llama-3-8B",
        tensor_parallel_size: int = 1,
        max_model_len: int = 1024,
        dtype: ModelDType | torch.dtype = "auto",
        num_gpu_blocks: int = 1000,
        block_size: int = 16,
        max_num_seqs: int = 256,
        max_num_batched_tokens: int = 8192,
        enable_chunked_prefill: bool = True,
        add_mock_model_methods: bool = True,
        hf_config_override: dict | None = None,
    ) -> VllmConfig:
        """Create a VllmConfig for testing with reasonable defaults."""
>       model_config = ModelConfig(
            model=model_name,
            tokenizer=model_name,
            trust_remote_code=False,
            dtype=dtype,
            seed=0,
            max_model_len=max_model_len,
        )
E       pydantic_core._pydantic_core.ValidationError: 1 validation error for ModelConfig
E         Value error, Invalid repository ID or local directory specified: 'Qwen/Qwen3.5-0.8B'.
E       Please verify the following requirements:
E       1. Provide a valid Hugging Face repository ID.
E       2. Specify a local directory that contains a recognized configuration file.
E          - For Hugging Face models: ensure the presence of a 'config.json'.
E          - For Mistral models: ensure the presence of a 'params.json'.
E        [type=value_error, input_value=ArgsKwargs((), {'model': ... 'max_model_len': 1024}), input_type=ArgsKwargs]
E           For further information visit https://errors.pydantic.dev/2.13/v/value_error

tests/v1/attention/utils.py:196: ValidationError
_________ test_gdn_build_classification[pure_spec_decode_with_padding] _________

test_case = GDNBuildTestCase(seq_lens=[50, 30, 16], query_lens=[3, 3, 0], num_decode_draft_tokens=[2, 2, -1], num_speculative_tokens=2, expected_num_decodes=0, expected_num_prefills=0, expected_num_prefill_tokens=0, expected_num_spec_decodes=2)

    @pytest.mark.parametrize(
        "test_case", GDN_BUILD_TEST_CASES.values(), ids=GDN_BUILD_TEST_CASES.keys()
    )
    def test_gdn_build_classification(test_case: GDNBuildTestCase):
        """Test that GDN metadata builder classifies requests correctly."""
>       builder = _create_gdn_builder(test_case.num_speculative_tokens)
                  ^^^^^^^^^^^^^^^^^^^^^^^^^^^^^^^^^^^^^^^^^^^^^^^^^^^^^

tests/v1/attention/test_gdn_metadata_builder.py:208: 
_ _ _ _ _ _ _ _ _ _ _ _ _ _ _ _ _ _ _ _ _ _ _ _ _ _ _ _ _ _ _ _ _ _ _ _ _ _ _ _ 
tests/v1/attention/test_gdn_metadata_builder.py:156: in _create_gdn_builder
    vllm_config = create_vllm_config(
_ _ _ _ _ _ _ _ _ _ _ _ _ _ _ _ _ _ _ _ _ _ _ _ _ _ _ _ _ _ _ _ _ _ _ _ _ _ _ _ 

model_name = 'Qwen/Qwen3.5-0.8B', tensor_parallel_size = 1, max_model_len = 1024
dtype = 'auto', num_gpu_blocks = 1000, block_size = 16, max_num_seqs = 256
max_num_batched_tokens = 8192, enable_chunked_prefill = True
add_mock_model_methods = True, hf_config_override = None

    def create_vllm_config(
        model_name: str = "meta-llama/Meta-Llama-3-8B",
        tensor_parallel_size: int = 1,
        max_model_len: int = 1024,
        dtype: ModelDType | torch.dtype = "auto",
        num_gpu_blocks: int = 1000,
        block_size: int = 16,
        max_num_seqs: int = 256,
        max_num_batched_tokens: int = 8192,
        enable_chunked_prefill: bool = True,
        add_mock_model_methods: bool = True,
        hf_config_override: dict | None = None,
    ) -> VllmConfig:
        """Create a VllmConfig for testing with reasonable defaults."""
>       model_config = ModelConfig(
            model=model_name,
            tokenizer=model_name,
            trust_remote_code=False,
            dtype=dtype,
            seed=0,
            max_model_len=max_model_len,
        )
E       pydantic_core._pydantic_core.ValidationError: 1 validation error for ModelConfig
E         Value error, Invalid repository ID or local directory specified: 'Qwen/Qwen3.5-0.8B'.
E       Please verify the following requirements:
E       1. Provide a valid Hugging Face repository ID.
E       2. Specify a local directory that contains a recognized configuration file.
E          - For Hugging Face models: ensure the presence of a 'config.json'.
E          - For Mistral models: ensure the presence of a 'params.json'.
E        [type=value_error, input_value=ArgsKwargs((), {'model': ... 'max_model_len': 1024}), input_type=ArgsKwargs]
E           For further information visit https://errors.pydantic.dev/2.13/v/value_error

tests/v1/attention/utils.py:196: ValidationError
______________ test_gdn_build_classification[pure_regular_decode] ______________

test_case = GDNBuildTestCase(seq_lens=[40, 30, 20], query_lens=[1, 1, 1], num_decode_draft_tokens=None, num_speculative_tokens=0, expected_num_decodes=3, expected_num_prefills=0, expected_num_prefill_tokens=0, expected_num_spec_decodes=0)

    @pytest.mark.parametrize(
        "test_case", GDN_BUILD_TEST_CASES.values(), ids=GDN_BUILD_TEST_CASES.keys()
    )
    def test_gdn_build_classification(test_case: GDNBuildTestCase):
        """Test that GDN metadata builder classifies requests correctly."""
>       builder = _create_gdn_builder(test_case.num_speculative_tokens)
                  ^^^^^^^^^^^^^^^^^^^^^^^^^^^^^^^^^^^^^^^^^^^^^^^^^^^^^

tests/v1/attention/test_gdn_metadata_builder.py:208: 
_ _ _ _ _ _ _ _ _ _ _ _ _ _ _ _ _ _ _ _ _ _ _ _ _ _ _ _ _ _ _ _ _ _ _ _ _ _ _ _ 
tests/v1/attention/test_gdn_metadata_builder.py:156: in _create_gdn_builder
    vllm_config = create_vllm_config(
_ _ _ _ _ _ _ _ _ _ _ _ _ _ _ _ _ _ _ _ _ _ _ _ _ _ _ _ _ _ _ _ _ _ _ _ _ _ _ _ 

model_name = 'Qwen/Qwen3.5-0.8B', tensor_parallel_size = 1, max_model_len = 1024
dtype = 'auto', num_gpu_blocks = 1000, block_size = 16, max_num_seqs = 256
max_num_batched_tokens = 8192, enable_chunked_prefill = True
add_mock_model_methods = True, hf_config_override = None

    def create_vllm_config(
        model_name: str = "meta-llama/Meta-Llama-3-8B",
        tensor_parallel_size: int = 1,
        max_model_len: int = 1024,
        dtype: ModelDType | torch.dtype = "auto",
        num_gpu_blocks: int = 1000,
        block_size: int = 16,
        max_num_seqs: int = 256,
        max_num_batched_tokens: int = 8192,
        enable_chunked_prefill: bool = True,
        add_mock_model_methods: bool = True,
        hf_config_override: dict | None = None,
    ) -> VllmConfig:
        """Create a VllmConfig for testing with reasonable defaults."""
>       model_config = ModelConfig(
            model=model_name,
            tokenizer=model_name,
            trust_remote_code=False,
            dtype=dtype,
            seed=0,
            max_model_len=max_model_len,
        )
E       pydantic_core._pydantic_core.ValidationError: 1 validation error for ModelConfig
E         Value error, Invalid repository ID or local directory specified: 'Qwen/Qwen3.5-0.8B'.
E       Please verify the following requirements:
E       1. Provide a valid Hugging Face repository ID.
E       2. Specify a local directory that contains a recognized configuration file.
E          - For Hugging Face models: ensure the presence of a 'config.json'.
E          - For Mistral models: ensure the presence of a 'params.json'.
E        [type=value_error, input_value=ArgsKwargs((), {'model': ... 'max_model_len': 1024}), input_type=ArgsKwargs]
E           For further information visit https://errors.pydantic.dev/2.13/v/value_error

tests/v1/attention/utils.py:196: ValidationError
__________ test_gdn_build_classification[regular_decode_with_prefill] __________

test_case = GDNBuildTestCase(seq_lens=[40, 100], query_lens=[1, 50], num_decode_draft_tokens=None, num_speculative_tokens=0, expected_num_decodes=1, expected_num_prefills=1, expected_num_prefill_tokens=50, expected_num_spec_decodes=0)

    @pytest.mark.parametrize(
        "test_case", GDN_BUILD_TEST_CASES.values(), ids=GDN_BUILD_TEST_CASES.keys()
    )
    def test_gdn_build_classification(test_case: GDNBuildTestCase):
        """Test that GDN metadata builder classifies requests correctly."""
>       builder = _create_gdn_builder(test_case.num_speculative_tokens)
                  ^^^^^^^^^^^^^^^^^^^^^^^^^^^^^^^^^^^^^^^^^^^^^^^^^^^^^

tests/v1/attention/test_gdn_metadata_builder.py:208: 
_ _ _ _ _ _ _ _ _ _ _ _ _ _ _ _ _ _ _ _ _ _ _ _ _ _ _ _ _ _ _ _ _ _ _ _ _ _ _ _ 
tests/v1/attention/test_gdn_metadata_builder.py:156: in _create_gdn_builder
    vllm_config = create_vllm_config(
_ _ _ _ _ _ _ _ _ _ _ _ _ _ _ _ _ _ _ _ _ _ _ _ _ _ _ _ _ _ _ _ _ _ _ _ _ _ _ _ 

model_name = 'Qwen/Qwen3.5-0.8B', tensor_parallel_size = 1, max_model_len = 1024
dtype = 'auto', num_gpu_blocks = 1000, block_size = 16, max_num_seqs = 256
max_num_batched_tokens = 8192, enable_chunked_prefill = True
add_mock_model_methods = True, hf_config_override = None

    def create_vllm_config(
        model_name: str = "meta-llama/Meta-Llama-3-8B",
        tensor_parallel_size: int = 1,
        max_model_len: int = 1024,
        dtype: ModelDType | torch.dtype = "auto",
        num_gpu_blocks: int = 1000,
        block_size: int = 16,
        max_num_seqs: int = 256,
        max_num_batched_tokens: int = 8192,
        enable_chunked_prefill: bool = True,
        add_mock_model_methods: bool = True,
        hf_config_override: dict | None = None,
    ) -> VllmConfig:
        """Create a VllmConfig for testing with reasonable defaults."""
>       model_config = ModelConfig(
            model=model_name,
            tokenizer=model_name,
            trust_remote_code=False,
            dtype=dtype,
            seed=0,
            max_model_len=max_model_len,
        )
E       pydantic_core._pydantic_core.ValidationError: 1 validation error for ModelConfig
E         Value error, Invalid repository ID or local directory specified: 'Qwen/Qwen3.5-0.8B'.
E       Please verify the following requirements:
E       1. Provide a valid Hugging Face repository ID.
E       2. Specify a local directory that contains a recognized configuration file.
E          - For Hugging Face models: ensure the presence of a 'config.json'.
E          - For Mistral models: ensure the presence of a 'params.json'.
E        [type=value_error, input_value=ArgsKwargs((), {'model': ... 'max_model_len': 1024}), input_type=ArgsKwargs]
E           For further information visit https://errors.pydantic.dev/2.13/v/value_error

tests/v1/attention/utils.py:196: ValidationError
_________ test_gdn_build_classification[spec_decode_with_real_prefill] _________

test_case = GDNBuildTestCase(seq_lens=[100, 20], query_lens=[50, 3], num_decode_draft_tokens=[-1, 2], num_speculative_tokens=2, expected_num_decodes=0, expected_num_prefills=1, expected_num_prefill_tokens=50, expected_num_spec_decodes=1)

    @pytest.mark.parametrize(
        "test_case", GDN_BUILD_TEST_CASES.values(), ids=GDN_BUILD_TEST_CASES.keys()
    )
    def test_gdn_build_classification(test_case: GDNBuildTestCase):
        """Test that GDN metadata builder classifies requests correctly."""
>       builder = _create_gdn_builder(test_case.num_speculative_tokens)
                  ^^^^^^^^^^^^^^^^^^^^^^^^^^^^^^^^^^^^^^^^^^^^^^^^^^^^^

tests/v1/attention/test_gdn_metadata_builder.py:208: 
_ _ _ _ _ _ _ _ _ _ _ _ _ _ _ _ _ _ _ _ _ _ _ _ _ _ _ _ _ _ _ _ _ _ _ _ _ _ _ _ 
tests/v1/attention/test_gdn_metadata_builder.py:156: in _create_gdn_builder
    vllm_config = create_vllm_config(
_ _ _ _ _ _ _ _ _ _ _ _ _ _ _ _ _ _ _ _ _ _ _ _ _ _ _ _ _ _ _ _ _ _ _ _ _ _ _ _ 

model_name = 'Qwen/Qwen3.5-0.8B', tensor_parallel_size = 1, max_model_len = 1024
dtype = 'auto', num_gpu_blocks = 1000, block_size = 16, max_num_seqs = 256
max_num_batched_tokens = 8192, enable_chunked_prefill = True
add_mock_model_methods = True, hf_config_override = None

    def create_vllm_config(
        model_name: str = "meta-llama/Meta-Llama-3-8B",
        tensor_parallel_size: int = 1,
        max_model_len: int = 1024,
        dtype: ModelDType | torch.dtype = "auto",
        num_gpu_blocks: int = 1000,
        block_size: int = 16,
        max_num_seqs: int = 256,
        max_num_batched_tokens: int = 8192,
        enable_chunked_prefill: bool = True,
        add_mock_model_methods: bool = True,
        hf_config_override: dict | None = None,
    ) -> VllmConfig:
        """Create a VllmConfig for testing with reasonable defaults."""
>       model_config = ModelConfig(
            model=model_name,
            tokenizer=model_name,
            trust_remote_code=False,
            dtype=dtype,
            seed=0,
            max_model_len=max_model_len,
        )
E       pydantic_core._pydantic_core.ValidationError: 1 validation error for ModelConfig
E         Value error, Invalid repository ID or local directory specified: 'Qwen/Qwen3.5-0.8B'.
E       Please verify the following requirements:
E       1. Provide a valid Hugging Face repository ID.
E       2. Specify a local directory that contains a recognized configuration file.
E          - For Hugging Face models: ensure the presence of a 'config.json'.
E          - For Mistral models: ensure the presence of a 'params.json'.
E        [type=value_error, input_value=ArgsKwargs((), {'model': ... 'max_model_len': 1024}), input_type=ArgsKwargs]
E           For further information visit https://errors.pydantic.dev/2.13/v/value_error

tests/v1/attention/utils.py:196: ValidationError
________ test_gdn_build_classification[prefill_decode_and_spec_decode] _________

test_case = GDNBuildTestCase(seq_lens=[100, 65, 20], query_lens=[50, 1, 3], num_decode_draft_tokens=[-1, -1, 2], num_speculative_tokens=2, expected_num_decodes=0, expected_num_prefills=2, expected_num_prefill_tokens=51, expected_num_spec_decodes=1)

    @pytest.mark.parametrize(
        "test_case", GDN_BUILD_TEST_CASES.values(), ids=GDN_BUILD_TEST_CASES.keys()
    )
    def test_gdn_build_classification(test_case: GDNBuildTestCase):
        """Test that GDN metadata builder classifies requests correctly."""
>       builder = _create_gdn_builder(test_case.num_speculative_tokens)
                  ^^^^^^^^^^^^^^^^^^^^^^^^^^^^^^^^^^^^^^^^^^^^^^^^^^^^^

tests/v1/attention/test_gdn_metadata_builder.py:208: 
_ _ _ _ _ _ _ _ _ _ _ _ _ _ _ _ _ _ _ _ _ _ _ _ _ _ _ _ _ _ _ _ _ _ _ _ _ _ _ _ 
tests/v1/attention/test_gdn_metadata_builder.py:156: in _create_gdn_builder
    vllm_config = create_vllm_config(
_ _ _ _ _ _ _ _ _ _ _ _ _ _ _ _ _ _ _ _ _ _ _ _ _ _ _ _ _ _ _ _ _ _ _ _ _ _ _ _ 

model_name = 'Qwen/Qwen3.5-0.8B', tensor_parallel_size = 1, max_model_len = 1024
dtype = 'auto', num_gpu_blocks = 1000, block_size = 16, max_num_seqs = 256
max_num_batched_tokens = 8192, enable_chunked_prefill = True
add_mock_model_methods = True, hf_config_override = None

    def create_vllm_config(
        model_name: str = "meta-llama/Meta-Llama-3-8B",
        tensor_parallel_size: int = 1,
        max_model_len: int = 1024,
        dtype: ModelDType | torch.dtype = "auto",
        num_gpu_blocks: int = 1000,
        block_size: int = 16,
        max_num_seqs: int = 256,
        max_num_batched_tokens: int = 8192,
        enable_chunked_prefill: bool = True,
        add_mock_model_methods: bool = True,
        hf_config_override: dict | None = None,
    ) -> VllmConfig:
        """Create a VllmConfig for testing with reasonable defaults."""
>       model_config = ModelConfig(
            model=model_name,
            tokenizer=model_name,
            trust_remote_code=False,
            dtype=dtype,
            seed=0,
            max_model_len=max_model_len,
        )
E       pydantic_core._pydantic_core.ValidationError: 1 validation error for ModelConfig
E         Value error, Invalid repository ID or local directory specified: 'Qwen/Qwen3.5-0.8B'.
E       Please verify the following requirements:
E       1. Provide a valid Hugging Face repository ID.
E       2. Specify a local directory that contains a recognized configuration file.
E          - For Hugging Face models: ensure the presence of a 'config.json'.
E          - For Mistral models: ensure the presence of a 'params.json'.
E        [type=value_error, input_value=ArgsKwargs((), {'model': ... 'max_model_len': 1024}), input_type=ArgsKwargs]
E           For further information visit https://errors.pydantic.dev/2.13/v/value_error

tests/v1/attention/utils.py:196: ValidationError
_________ test_gdn_build_classification[multiple_decodes_reclassified] _________

test_case = GDNBuildTestCase(seq_lens=[40, 50, 60, 20], query_lens=[1, 1, 1, 3], num_decode_draft_tokens=[-1, -1, -1, 2], num_spec..._tokens=2, expected_num_decodes=0, expected_num_prefills=3, expected_num_prefill_tokens=3, expected_num_spec_decodes=1)

    @pytest.mark.parametrize(
        "test_case", GDN_BUILD_TEST_CASES.values(), ids=GDN_BUILD_TEST_CASES.keys()
    )
    def test_gdn_build_classification(test_case: GDNBuildTestCase):
        """Test that GDN metadata builder classifies requests correctly."""
>       builder = _create_gdn_builder(test_case.num_speculative_tokens)
                  ^^^^^^^^^^^^^^^^^^^^^^^^^^^^^^^^^^^^^^^^^^^^^^^^^^^^^

tests/v1/attention/test_gdn_metadata_builder.py:208: 
_ _ _ _ _ _ _ _ _ _ _ _ _ _ _ _ _ _ _ _ _ _ _ _ _ _ _ _ _ _ _ _ _ _ _ _ _ _ _ _ 
tests/v1/attention/test_gdn_metadata_builder.py:156: in _create_gdn_builder
    vllm_config = create_vllm_config(
_ _ _ _ _ _ _ _ _ _ _ _ _ _ _ _ _ _ _ _ _ _ _ _ _ _ _ _ _ _ _ _ _ _ _ _ _ _ _ _ 

model_name = 'Qwen/Qwen3.5-0.8B', tensor_parallel_size = 1, max_model_len = 1024
dtype = 'auto', num_gpu_blocks = 1000, block_size = 16, max_num_seqs = 256
max_num_batched_tokens = 8192, enable_chunked_prefill = True
add_mock_model_methods = True, hf_config_override = None

    def create_vllm_config(
        model_name: str = "meta-llama/Meta-Llama-3-8B",
        tensor_parallel_size: int = 1,
        max_model_len: int = 1024,
        dtype: ModelDType | torch.dtype = "auto",
        num_gpu_blocks: int = 1000,
        block_size: int = 16,
        max_num_seqs: int = 256,
        max_num_batched_tokens: int = 8192,
        enable_chunked_prefill: bool = True,
        add_mock_model_methods: bool = True,
        hf_config_override: dict | None = None,
    ) -> VllmConfig:
        """Create a VllmConfig for testing with reasonable defaults."""
>       model_config = ModelConfig(
            model=model_name,
            tokenizer=model_name,
            trust_remote_code=False,
            dtype=dtype,
            seed=0,
            max_model_len=max_model_len,
        )
E       pydantic_core._pydantic_core.ValidationError: 1 validation error for ModelConfig
E         Value error, Invalid repository ID or local directory specified: 'Qwen/Qwen3.5-0.8B'.
E       Please verify the following requirements:
E       1. Provide a valid Hugging Face repository ID.
E       2. Specify a local directory that contains a recognized configuration file.
E          - For Hugging Face models: ensure the presence of a 'config.json'.
E          - For Mistral models: ensure the presence of a 'params.json'.
E        [type=value_error, input_value=ArgsKwargs((), {'model': ... 'max_model_len': 1024}), input_type=ArgsKwargs]
E           For further information visit https://errors.pydantic.dev/2.13/v/value_error

tests/v1/attention/utils.py:196: ValidationError
_________ test_gdn_build_classification[zero_length_padding_with_spec] _________

test_case = GDNBuildTestCase(seq_lens=[16, 65, 20], query_lens=[0, 1, 3], num_decode_draft_tokens=[-1, -1, 2], num_speculative_tokens=2, expected_num_decodes=0, expected_num_prefills=1, expected_num_prefill_tokens=1, expected_num_spec_decodes=1)

    @pytest.mark.parametrize(
        "test_case", GDN_BUILD_TEST_CASES.values(), ids=GDN_BUILD_TEST_CASES.keys()
    )
    def test_gdn_build_classification(test_case: GDNBuildTestCase):
        """Test that GDN metadata builder classifies requests correctly."""
>       builder = _create_gdn_builder(test_case.num_speculative_tokens)
                  ^^^^^^^^^^^^^^^^^^^^^^^^^^^^^^^^^^^^^^^^^^^^^^^^^^^^^

tests/v1/attention/test_gdn_metadata_builder.py:208: 
_ _ _ _ _ _ _ _ _ _ _ _ _ _ _ _ _ _ _ _ _ _ _ _ _ _ _ _ _ _ _ _ _ _ _ _ _ _ _ _ 
tests/v1/attention/test_gdn_metadata_builder.py:156: in _create_gdn_builder
    vllm_config = create_vllm_config(
_ _ _ _ _ _ _ _ _ _ _ _ _ _ _ _ _ _ _ _ _ _ _ _ _ _ _ _ _ _ _ _ _ _ _ _ _ _ _ _ 

model_name = 'Qwen/Qwen3.5-0.8B', tensor_parallel_size = 1, max_model_len = 1024
dtype = 'auto', num_gpu_blocks = 1000, block_size = 16, max_num_seqs = 256
max_num_batched_tokens = 8192, enable_chunked_prefill = True
add_mock_model_methods = True, hf_config_override = None

    def create_vllm_config(
        model_name: str = "meta-llama/Meta-Llama-3-8B",
        tensor_parallel_size: int = 1,
        max_model_len: int = 1024,
        dtype: ModelDType | torch.dtype = "auto",
        num_gpu_blocks: int = 1000,
        block_size: int = 16,
        max_num_seqs: int = 256,
        max_num_batched_tokens: int = 8192,
        enable_chunked_prefill: bool = True,
        add_mock_model_methods: bool = True,
        hf_config_override: dict | None = None,
    ) -> VllmConfig:
        """Create a VllmConfig for testing with reasonable defaults."""
>       model_config = ModelConfig(
            model=model_name,
            tokenizer=model_name,
            trust_remote_code=False,
            dtype=dtype,
            seed=0,
            max_model_len=max_model_len,
        )
E       pydantic_core._pydantic_core.ValidationError: 1 validation error for ModelConfig
E         Value error, Invalid repository ID or local directory specified: 'Qwen/Qwen3.5-0.8B'.
E       Please verify the following requirements:
E       1. Provide a valid Hugging Face repository ID.
E       2. Specify a local directory that contains a recognized configuration file.
E          - For Hugging Face models: ensure the presence of a 'config.json'.
E          - For Mistral models: ensure the presence of a 'params.json'.
E        [type=value_error, input_value=ArgsKwargs((), {'model': ... 'max_model_len': 1024}), input_type=ArgsKwargs]
E           For further information visit https://errors.pydantic.dev/2.13/v/value_error

tests/v1/attention/utils.py:196: ValidationError
_ test_update_block_table_matches_build[mixed_decode_and_spec_decode-False-none] _

test_case = GDNBuildTestCase(seq_lens=[65, 20], query_lens=[1, 3], num_decode_draft_tokens=[-1, 2], num_speculative_tokens=2, expected_num_decodes=0, expected_num_prefills=1, expected_num_prefill_tokens=1, expected_num_spec_decodes=1)
full_cuda_graph = False, mamba_cache_mode = 'none'

    @pytest.mark.parametrize("mamba_cache_mode", ["none", "align"])
    @pytest.mark.parametrize("full_cuda_graph", [False, True])
    @pytest.mark.parametrize(
        "test_case", GDN_BUILD_TEST_CASES.values(), ids=GDN_BUILD_TEST_CASES.keys()
    )
    def test_update_block_table_matches_build(
        test_case: GDNBuildTestCase, full_cuda_graph: bool, mamba_cache_mode: str
    ):
        """update_block_table() on another group's metadata matches build()."""
        batch = BatchSpec(seq_lens=test_case.seq_lens, query_lens=test_case.query_lens)
>       src, dst, ref = (
        ^^^^^^^^^^^^^
            _create_gdn_builder(test_case.num_speculative_tokens, full_cuda_graph)
            for _ in range(3)
        )

tests/v1/attention/test_gdn_metadata_builder.py:230: 
_ _ _ _ _ _ _ _ _ _ _ _ _ _ _ _ _ _ _ _ _ _ _ _ _ _ _ _ _ _ _ _ _ _ _ _ _ _ _ _ 
tests/v1/attention/test_gdn_metadata_builder.py:231: in <genexpr>
    _create_gdn_builder(test_case.num_speculative_tokens, full_cuda_graph)
tests/v1/attention/test_gdn_metadata_builder.py:156: in _create_gdn_builder
    vllm_config = create_vllm_config(
_ _ _ _ _ _ _ _ _ _ _ _ _ _ _ _ _ _ _ _ _ _ _ _ _ _ _ _ _ _ _ _ _ _ _ _ _ _ _ _ 

model_name = 'Qwen/Qwen3.5-0.8B', tensor_parallel_size = 1, max_model_len = 1024
dtype = 'auto', num_gpu_blocks = 1000, block_size = 16, max_num_seqs = 256
max_num_batched_tokens = 8192, enable_chunked_prefill = True
add_mock_model_methods = True, hf_config_override = None

    def create_vllm_config(
        model_name: str = "meta-llama/Meta-Llama-3-8B",
        tensor_parallel_size: int = 1,
        max_model_len: int = 1024,
        dtype: ModelDType | torch.dtype = "auto",
        num_gpu_blocks: int = 1000,
        block_size: int = 16,
        max_num_seqs: int = 256,
        max_num_batched_tokens: int = 8192,
        enable_chunked_prefill: bool = True,
        add_mock_model_methods: bool = True,
        hf_config_override: dict | None = None,
    ) -> VllmConfig:
        """Create a VllmConfig for testing with reasonable defaults."""
>       model_config = ModelConfig(
            model=model_name,
            tokenizer=model_name,
            trust_remote_code=False,
            dtype=dtype,
            seed=0,
            max_model_len=max_model_len,
        )
E       pydantic_core._pydantic_core.ValidationError: 1 validation error for ModelConfig
E         Value error, Invalid repository ID or local directory specified: 'Qwen/Qwen3.5-0.8B'.
E       Please verify the following requirements:
E       1. Provide a valid Hugging Face repository ID.
E       2. Specify a local directory that contains a recognized configuration file.
E          - For Hugging Face models: ensure the presence of a 'config.json'.
E          - For Mistral models: ensure the presence of a 'params.json'.
E        [type=value_error, input_value=ArgsKwargs((), {'model': ... 'max_model_len': 1024}), input_type=ArgsKwargs]
E           For further information visit https://errors.pydantic.dev/2.13/v/value_error

tests/v1/attention/utils.py:196: ValidationError
_ test_update_block_table_matches_build[mixed_decode_and_spec_decode-False-align] _

test_case = GDNBuildTestCase(seq_lens=[65, 20], query_lens=[1, 3], num_decode_draft_tokens=[-1, 2], num_speculative_tokens=2, expected_num_decodes=0, expected_num_prefills=1, expected_num_prefill_tokens=1, expected_num_spec_decodes=1)
full_cuda_graph = False, mamba_cache_mode = 'align'

    @pytest.mark.parametrize("mamba_cache_mode", ["none", "align"])
    @pytest.mark.parametrize("full_cuda_graph", [False, True])
    @pytest.mark.parametrize(
        "test_case", GDN_BUILD_TEST_CASES.values(), ids=GDN_BUILD_TEST_CASES.keys()
    )
    def test_update_block_table_matches_build(
        test_case: GDNBuildTestCase, full_cuda_graph: bool, mamba_cache_mode: str
    ):
        """update_block_table() on another group's metadata matches build()."""
        batch = BatchSpec(seq_lens=test_case.seq_lens, query_lens=test_case.query_lens)
>       src, dst, ref = (
        ^^^^^^^^^^^^^
            _create_gdn_builder(test_case.num_speculative_tokens, full_cuda_graph)
            for _ in range(3)
        )

tests/v1/attention/test_gdn_metadata_builder.py:230: 
_ _ _ _ _ _ _ _ _ _ _ _ _ _ _ _ _ _ _ _ _ _ _ _ _ _ _ _ _ _ _ _ _ _ _ _ _ _ _ _ 
tests/v1/attention/test_gdn_metadata_builder.py:231: in <genexpr>
    _create_gdn_builder(test_case.num_speculative_tokens, full_cuda_graph)
tests/v1/attention/test_gdn_metadata_builder.py:156: in _create_gdn_builder
    vllm_config = create_vllm_config(
_ _ _ _ _ _ _ _ _ _ _ _ _ _ _ _ _ _ _ _ _ _ _ _ _ _ _ _ _ _ _ _ _ _ _ _ _ _ _ _ 

model_name = 'Qwen/Qwen3.5-0.8B', tensor_parallel_size = 1, max_model_len = 1024
dtype = 'auto', num_gpu_blocks = 1000, block_size = 16, max_num_seqs = 256
max_num_batched_tokens = 8192, enable_chunked_prefill = True
add_mock_model_methods = True, hf_config_override = None

    def create_vllm_config(
        model_name: str = "meta-llama/Meta-Llama-3-8B",
        tensor_parallel_size: int = 1,
        max_model_len: int = 1024,
        dtype: ModelDType | torch.dtype = "auto",
        num_gpu_blocks: int = 1000,
        block_size: int = 16,
        max_num_seqs: int = 256,
        max_num_batched_tokens: int = 8192,
        enable_chunked_prefill: bool = True,
        add_mock_model_methods: bool = True,
        hf_config_override: dict | None = None,
    ) -> VllmConfig:
        """Create a VllmConfig for testing with reasonable defaults."""
>       model_config = ModelConfig(
            model=model_name,
            tokenizer=model_name,
            trust_remote_code=False,
            dtype=dtype,
            seed=0,
            max_model_len=max_model_len,
        )
E       pydantic_core._pydantic_core.ValidationError: 1 validation error for ModelConfig
E         Value error, Invalid repository ID or local directory specified: 'Qwen/Qwen3.5-0.8B'.
E       Please verify the following requirements:
E       1. Provide a valid Hugging Face repository ID.
E       2. Specify a local directory that contains a recognized configuration file.
E          - For Hugging Face models: ensure the presence of a 'config.json'.
E          - For Mistral models: ensure the presence of a 'params.json'.
E        [type=value_error, input_value=ArgsKwargs((), {'model': ... 'max_model_len': 1024}), input_type=ArgsKwargs]
E           For further information visit https://errors.pydantic.dev/2.13/v/value_error

tests/v1/attention/utils.py:196: ValidationError
_ test_update_block_table_matches_build[mixed_decode_and_spec_decode-True-none] _

test_case = GDNBuildTestCase(seq_lens=[65, 20], query_lens=[1, 3], num_decode_draft_tokens=[-1, 2], num_speculative_tokens=2, expected_num_decodes=0, expected_num_prefills=1, expected_num_prefill_tokens=1, expected_num_spec_decodes=1)
full_cuda_graph = True, mamba_cache_mode = 'none'

    @pytest.mark.parametrize("mamba_cache_mode", ["none", "align"])
    @pytest.mark.parametrize("full_cuda_graph", [False, True])
    @pytest.mark.parametrize(
        "test_case", GDN_BUILD_TEST_CASES.values(), ids=GDN_BUILD_TEST_CASES.keys()
    )
    def test_update_block_table_matches_build(
        test_case: GDNBuildTestCase, full_cuda_graph: bool, mamba_cache_mode: str
    ):
        """update_block_table() on another group's metadata matches build()."""
        batch = BatchSpec(seq_lens=test_case.seq_lens, query_lens=test_case.query_lens)
>       src, dst, ref = (
        ^^^^^^^^^^^^^
            _create_gdn_builder(test_case.num_speculative_tokens, full_cuda_graph)
            for _ in range(3)
        )

tests/v1/attention/test_gdn_metadata_builder.py:230: 
_ _ _ _ _ _ _ _ _ _ _ _ _ _ _ _ _ _ _ _ _ _ _ _ _ _ _ _ _ _ _ _ _ _ _ _ _ _ _ _ 
tests/v1/attention/test_gdn_metadata_builder.py:231: in <genexpr>
    _create_gdn_builder(test_case.num_speculative_tokens, full_cuda_graph)
tests/v1/attention/test_gdn_metadata_builder.py:156: in _create_gdn_builder
    vllm_config = create_vllm_config(
_ _ _ _ _ _ _ _ _ _ _ _ _ _ _ _ _ _ _ _ _ _ _ _ _ _ _ _ _ _ _ _ _ _ _ _ _ _ _ _ 

model_name = 'Qwen/Qwen3.5-0.8B', tensor_parallel_size = 1, max_model_len = 1024
dtype = 'auto', num_gpu_blocks = 1000, block_size = 16, max_num_seqs = 256
max_num_batched_tokens = 8192, enable_chunked_prefill = True
add_mock_model_methods = True, hf_config_override = None

    def create_vllm_config(
        model_name: str = "meta-llama/Meta-Llama-3-8B",
        tensor_parallel_size: int = 1,
        max_model_len: int = 1024,
        dtype: ModelDType | torch.dtype = "auto",
        num_gpu_blocks: int = 1000,
        block_size: int = 16,
        max_num_seqs: int = 256,
        max_num_batched_tokens: int = 8192,
        enable_chunked_prefill: bool = True,
        add_mock_model_methods: bool = True,
        hf_config_override: dict | None = None,
    ) -> VllmConfig:
        """Create a VllmConfig for testing with reasonable defaults."""
>       model_config = ModelConfig(
            model=model_name,
            tokenizer=model_name,
            trust_remote_code=False,
            dtype=dtype,
            seed=0,
            max_model_len=max_model_len,
        )
E       pydantic_core._pydantic_core.ValidationError: 1 validation error for ModelConfig
E         Value error, Invalid repository ID or local directory specified: 'Qwen/Qwen3.5-0.8B'.
E       Please verify the following requirements:
E       1. Provide a valid Hugging Face repository ID.
E       2. Specify a local directory that contains a recognized configuration file.
E          - For Hugging Face models: ensure the presence of a 'config.json'.
E          - For Mistral models: ensure the presence of a 'params.json'.
E        [type=value_error, input_value=ArgsKwargs((), {'model': ... 'max_model_len': 1024}), input_type=ArgsKwargs]
E           For further information visit https://errors.pydantic.dev/2.13/v/value_error

tests/v1/attention/utils.py:196: ValidationError
_ test_update_block_table_matches_build[mixed_decode_and_spec_decode-True-align] _

test_case = GDNBuildTestCase(seq_lens=[65, 20], query_lens=[1, 3], num_decode_draft_tokens=[-1, 2], num_speculative_tokens=2, expected_num_decodes=0, expected_num_prefills=1, expected_num_prefill_tokens=1, expected_num_spec_decodes=1)
full_cuda_graph = True, mamba_cache_mode = 'align'

    @pytest.mark.parametrize("mamba_cache_mode", ["none", "align"])
    @pytest.mark.parametrize("full_cuda_graph", [False, True])
    @pytest.mark.parametrize(
        "test_case", GDN_BUILD_TEST_CASES.values(), ids=GDN_BUILD_TEST_CASES.keys()
    )
    def test_update_block_table_matches_build(
        test_case: GDNBuildTestCase, full_cuda_graph: bool, mamba_cache_mode: str
    ):
        """update_block_table() on another group's metadata matches build()."""
        batch = BatchSpec(seq_lens=test_case.seq_lens, query_lens=test_case.query_lens)
>       src, dst, ref = (
        ^^^^^^^^^^^^^
            _create_gdn_builder(test_case.num_speculative_tokens, full_cuda_graph)
            for _ in range(3)
        )

tests/v1/attention/test_gdn_metadata_builder.py:230: 
_ _ _ _ _ _ _ _ _ _ _ _ _ _ _ _ _ _ _ _ _ _ _ _ _ _ _ _ _ _ _ _ _ _ _ _ _ _ _ _ 
tests/v1/attention/test_gdn_metadata_builder.py:231: in <genexpr>
    _create_gdn_builder(test_case.num_speculative_tokens, full_cuda_graph)
tests/v1/attention/test_gdn_metadata_builder.py:156: in _create_gdn_builder
    vllm_config = create_vllm_config(
_ _ _ _ _ _ _ _ _ _ _ _ _ _ _ _ _ _ _ _ _ _ _ _ _ _ _ _ _ _ _ _ _ _ _ _ _ _ _ _ 

model_name = 'Qwen/Qwen3.5-0.8B', tensor_parallel_size = 1, max_model_len = 1024
dtype = 'auto', num_gpu_blocks = 1000, block_size = 16, max_num_seqs = 256
max_num_batched_tokens = 8192, enable_chunked_prefill = True
add_mock_model_methods = True, hf_config_override = None

    def create_vllm_config(
        model_name: str = "meta-llama/Meta-Llama-3-8B",
        tensor_parallel_size: int = 1,
        max_model_len: int = 1024,
        dtype: ModelDType | torch.dtype = "auto",
        num_gpu_blocks: int = 1000,
        block_size: int = 16,
        max_num_seqs: int = 256,
        max_num_batched_tokens: int = 8192,
        enable_chunked_prefill: bool = True,
        add_mock_model_methods: bool = True,
        hf_config_override: dict | None = None,
    ) -> VllmConfig:
        """Create a VllmConfig for testing with reasonable defaults."""
>       model_config = ModelConfig(
            model=model_name,
            tokenizer=model_name,
            trust_remote_code=False,
            dtype=dtype,
            seed=0,
            max_model_len=max_model_len,
        )
E       pydantic_core._pydantic_core.ValidationError: 1 validation error for ModelConfig
E         Value error, Invalid repository ID or local directory specified: 'Qwen/Qwen3.5-0.8B'.
E       Please verify the following requirements:
E       1. Provide a valid Hugging Face repository ID.
E       2. Specify a local directory that contains a recognized configuration file.
E          - For Hugging Face models: ensure the presence of a 'config.json'.
E          - For Mistral models: ensure the presence of a 'params.json'.
E        [type=value_error, input_value=ArgsKwargs((), {'model': ... 'max_model_len': 1024}), input_type=ArgsKwargs]
E           For further information visit https://errors.pydantic.dev/2.13/v/value_error

tests/v1/attention/utils.py:196: ValidationError
______ test_update_block_table_matches_build[pure_spec_decode-False-none] ______

test_case = GDNBuildTestCase(seq_lens=[50, 30], query_lens=[3, 3], num_decode_draft_tokens=[2, 2], num_speculative_tokens=2, expected_num_decodes=0, expected_num_prefills=0, expected_num_prefill_tokens=0, expected_num_spec_decodes=2)
full_cuda_graph = False, mamba_cache_mode = 'none'

    @pytest.mark.parametrize("mamba_cache_mode", ["none", "align"])
    @pytest.mark.parametrize("full_cuda_graph", [False, True])
    @pytest.mark.parametrize(
        "test_case", GDN_BUILD_TEST_CASES.values(), ids=GDN_BUILD_TEST_CASES.keys()
    )
    def test_update_block_table_matches_build(
        test_case: GDNBuildTestCase, full_cuda_graph: bool, mamba_cache_mode: str
    ):
        """update_block_table() on another group's metadata matches build()."""
        batch = BatchSpec(seq_lens=test_case.seq_lens, query_lens=test_case.query_lens)
>       src, dst, ref = (
        ^^^^^^^^^^^^^
            _create_gdn_builder(test_case.num_speculative_tokens, full_cuda_graph)
            for _ in range(3)
        )

tests/v1/attention/test_gdn_metadata_builder.py:230: 
_ _ _ _ _ _ _ _ _ _ _ _ _ _ _ _ _ _ _ _ _ _ _ _ _ _ _ _ _ _ _ _ _ _ _ _ _ _ _ _ 
tests/v1/attention/test_gdn_metadata_builder.py:231: in <genexpr>
    _create_gdn_builder(test_case.num_speculative_tokens, full_cuda_graph)
tests/v1/attention/test_gdn_metadata_builder.py:156: in _create_gdn_builder
    vllm_config = create_vllm_config(
_ _ _ _ _ _ _ _ _ _ _ _ _ _ _ _ _ _ _ _ _ _ _ _ _ _ _ _ _ _ _ _ _ _ _ _ _ _ _ _ 

model_name = 'Qwen/Qwen3.5-0.8B', tensor_parallel_size = 1, max_model_len = 1024
dtype = 'auto', num_gpu_blocks = 1000, block_size = 16, max_num_seqs = 256
max_num_batched_tokens = 8192, enable_chunked_prefill = True
add_mock_model_methods = True, hf_config_override = None

    def create_vllm_config(
        model_name: str = "meta-llama/Meta-Llama-3-8B",
        tensor_parallel_size: int = 1,
        max_model_len: int = 1024,
        dtype: ModelDType | torch.dtype = "auto",
        num_gpu_blocks: int = 1000,
        block_size: int = 16,
        max_num_seqs: int = 256,
        max_num_batched_tokens: int = 8192,
        enable_chunked_prefill: bool = True,
        add_mock_model_methods: bool = True,
        hf_config_override: dict | None = None,
    ) -> VllmConfig:
        """Create a VllmConfig for testing with reasonable defaults."""
>       model_config = ModelConfig(
            model=model_name,
            tokenizer=model_name,
            trust_remote_code=False,
            dtype=dtype,
            seed=0,
            max_model_len=max_model_len,
        )
E       pydantic_core._pydantic_core.ValidationError: 1 validation error for ModelConfig
E         Value error, Invalid repository ID or local directory specified: 'Qwen/Qwen3.5-0.8B'.
E       Please verify the following requirements:
E       1. Provide a valid Hugging Face repository ID.
E       2. Specify a local directory that contains a recognized configuration file.
E          - For Hugging Face models: ensure the presence of a 'config.json'.
E          - For Mistral models: ensure the presence of a 'params.json'.
E        [type=value_error, input_value=ArgsKwargs((), {'model': ... 'max_model_len': 1024}), input_type=ArgsKwargs]
E           For further information visit https://errors.pydantic.dev/2.13/v/value_error

tests/v1/attention/utils.py:196: ValidationError
_____ test_update_block_table_matches_build[pure_spec_decode-False-align] ______

test_case = GDNBuildTestCase(seq_lens=[50, 30], query_lens=[3, 3], num_decode_draft_tokens=[2, 2], num_speculative_tokens=2, expected_num_decodes=0, expected_num_prefills=0, expected_num_prefill_tokens=0, expected_num_spec_decodes=2)
full_cuda_graph = False, mamba_cache_mode = 'align'

    @pytest.mark.parametrize("mamba_cache_mode", ["none", "align"])
    @pytest.mark.parametrize("full_cuda_graph", [False, True])
    @pytest.mark.parametrize(
        "test_case", GDN_BUILD_TEST_CASES.values(), ids=GDN_BUILD_TEST_CASES.keys()
    )
    def test_update_block_table_matches_build(
        test_case: GDNBuildTestCase, full_cuda_graph: bool, mamba_cache_mode: str
    ):
        """update_block_table() on another group's metadata matches build()."""
        batch = BatchSpec(seq_lens=test_case.seq_lens, query_lens=test_case.query_lens)
>       src, dst, ref = (
        ^^^^^^^^^^^^^
            _create_gdn_builder(test_case.num_speculative_tokens, full_cuda_graph)
            for _ in range(3)
        )

tests/v1/attention/test_gdn_metadata_builder.py:230: 
_ _ _ _ _ _ _ _ _ _ _ _ _ _ _ _ _ _ _ _ _ _ _ _ _ _ _ _ _ _ _ _ _ _ _ _ _ _ _ _ 
tests/v1/attention/test_gdn_metadata_builder.py:231: in <genexpr>
    _create_gdn_builder(test_case.num_speculative_tokens, full_cuda_graph)
tests/v1/attention/test_gdn_metadata_builder.py:156: in _create_gdn_builder
    vllm_config = create_vllm_config(
_ _ _ _ _ _ _ _ _ _ _ _ _ _ _ _ _ _ _ _ _ _ _ _ _ _ _ _ _ _ _ _ _ _ _ _ _ _ _ _ 

model_name = 'Qwen/Qwen3.5-0.8B', tensor_parallel_size = 1, max_model_len = 1024
dtype = 'auto', num_gpu_blocks = 1000, block_size = 16, max_num_seqs = 256
max_num_batched_tokens = 8192, enable_chunked_prefill = True
add_mock_model_methods = True, hf_config_override = None

    def create_vllm_config(
        model_name: str = "meta-llama/Meta-Llama-3-8B",
        tensor_parallel_size: int = 1,
        max_model_len: int = 1024,
        dtype: ModelDType | torch.dtype = "auto",
        num_gpu_blocks: int = 1000,
        block_size: int = 16,
        max_num_seqs: int = 256,
        max_num_batched_tokens: int = 8192,
        enable_chunked_prefill: bool = True,
        add_mock_model_methods: bool = True,
        hf_config_override: dict | None = None,
    ) -> VllmConfig:
        """Create a VllmConfig for testing with reasonable defaults."""
>       model_config = ModelConfig(
            model=model_name,
            tokenizer=model_name,
            trust_remote_code=False,
            dtype=dtype,
            seed=0,
            max_model_len=max_model_len,
        )
E       pydantic_core._pydantic_core.ValidationError: 1 validation error for ModelConfig
E         Value error, Invalid repository ID or local directory specified: 'Qwen/Qwen3.5-0.8B'.
E       Please verify the following requirements:
E       1. Provide a valid Hugging Face repository ID.
E       2. Specify a local directory that contains a recognized configuration file.
E          - For Hugging Face models: ensure the presence of a 'config.json'.
E          - For Mistral models: ensure the presence of a 'params.json'.
E        [type=value_error, input_value=ArgsKwargs((), {'model': ... 'max_model_len': 1024}), input_type=ArgsKwargs]
E           For further information visit https://errors.pydantic.dev/2.13/v/value_error

tests/v1/attention/utils.py:196: ValidationError
______ test_update_block_table_matches_build[pure_spec_decode-True-none] _______

test_case = GDNBuildTestCase(seq_lens=[50, 30], query_lens=[3, 3], num_decode_draft_tokens=[2, 2], num_speculative_tokens=2, expected_num_decodes=0, expected_num_prefills=0, expected_num_prefill_tokens=0, expected_num_spec_decodes=2)
full_cuda_graph = True, mamba_cache_mode = 'none'

    @pytest.mark.parametrize("mamba_cache_mode", ["none", "align"])
    @pytest.mark.parametrize("full_cuda_graph", [False, True])
    @pytest.mark.parametrize(
        "test_case", GDN_BUILD_TEST_CASES.values(), ids=GDN_BUILD_TEST_CASES.keys()
    )
    def test_update_block_table_matches_build(
        test_case: GDNBuildTestCase, full_cuda_graph: bool, mamba_cache_mode: str
    ):
        """update_block_table() on another group's metadata matches build()."""
        batch = BatchSpec(seq_lens=test_case.seq_lens, query_lens=test_case.query_lens)
>       src, dst, ref = (
        ^^^^^^^^^^^^^
            _create_gdn_builder(test_case.num_speculative_tokens, full_cuda_graph)
            for _ in range(3)
        )

tests/v1/attention/test_gdn_metadata_builder.py:230: 
_ _ _ _ _ _ _ _ _ _ _ _ _ _ _ _ _ _ _ _ _ _ _ _ _ _ _ _ _ _ _ _ _ _ _ _ _ _ _ _ 
tests/v1/attention/test_gdn_metadata_builder.py:231: in <genexpr>
    _create_gdn_builder(test_case.num_speculative_tokens, full_cuda_graph)
tests/v1/attention/test_gdn_metadata_builder.py:156: in _create_gdn_builder
    vllm_config = create_vllm_config(
_ _ _ _ _ _ _ _ _ _ _ _ _ _ _ _ _ _ _ _ _ _ _ _ _ _ _ _ _ _ _ _ _ _ _ _ _ _ _ _ 

model_name = 'Qwen/Qwen3.5-0.8B', tensor_parallel_size = 1, max_model_len = 1024
dtype = 'auto', num_gpu_blocks = 1000, block_size = 16, max_num_seqs = 256
max_num_batched_tokens = 8192, enable_chunked_prefill = True
add_mock_model_methods = True, hf_config_override = None

    def create_vllm_config(
        model_name: str = "meta-llama/Meta-Llama-3-8B",
        tensor_parallel_size: int = 1,
        max_model_len: int = 1024,
        dtype: ModelDType | torch.dtype = "auto",
        num_gpu_blocks: int = 1000,
        block_size: int = 16,
        max_num_seqs: int = 256,
        max_num_batched_tokens: int = 8192,
        enable_chunked_prefill: bool = True,
        add_mock_model_methods: bool = True,
        hf_config_override: dict | None = None,
    ) -> VllmConfig:
        """Create a VllmConfig for testing with reasonable defaults."""
>       model_config = ModelConfig(
            model=model_name,
            tokenizer=model_name,
            trust_remote_code=False,
            dtype=dtype,
            seed=0,
            max_model_len=max_model_len,
        )
E       pydantic_core._pydantic_core.ValidationError: 1 validation error for ModelConfig
E         Value error, Invalid repository ID or local directory specified: 'Qwen/Qwen3.5-0.8B'.
E       Please verify the following requirements:
E       1. Provide a valid Hugging Face repository ID.
E       2. Specify a local directory that contains a recognized configuration file.
E          - For Hugging Face models: ensure the presence of a 'config.json'.
E          - For Mistral models: ensure the presence of a 'params.json'.
E        [type=value_error, input_value=ArgsKwargs((), {'model': ... 'max_model_len': 1024}), input_type=ArgsKwargs]
E           For further information visit https://errors.pydantic.dev/2.13/v/value_error

tests/v1/attention/utils.py:196: ValidationError
______ test_update_block_table_matches_build[pure_spec_decode-True-align] ______

test_case = GDNBuildTestCase(seq_lens=[50, 30], query_lens=[3, 3], num_decode_draft_tokens=[2, 2], num_speculative_tokens=2, expected_num_decodes=0, expected_num_prefills=0, expected_num_prefill_tokens=0, expected_num_spec_decodes=2)
full_cuda_graph = True, mamba_cache_mode = 'align'

    @pytest.mark.parametrize("mamba_cache_mode", ["none", "align"])
    @pytest.mark.parametrize("full_cuda_graph", [False, True])
    @pytest.mark.parametrize(
        "test_case", GDN_BUILD_TEST_CASES.values(), ids=GDN_BUILD_TEST_CASES.keys()
    )
    def test_update_block_table_matches_build(
        test_case: GDNBuildTestCase, full_cuda_graph: bool, mamba_cache_mode: str
    ):
        """update_block_table() on another group's metadata matches build()."""
        batch = BatchSpec(seq_lens=test_case.seq_lens, query_lens=test_case.query_lens)
>       src, dst, ref = (
        ^^^^^^^^^^^^^
            _create_gdn_builder(test_case.num_speculative_tokens, full_cuda_graph)
            for _ in range(3)
        )

tests/v1/attention/test_gdn_metadata_builder.py:230: 
_ _ _ _ _ _ _ _ _ _ _ _ _ _ _ _ _ _ _ _ _ _ _ _ _ _ _ _ _ _ _ _ _ _ _ _ _ _ _ _ 
tests/v1/attention/test_gdn_metadata_builder.py:231: in <genexpr>
    _create_gdn_builder(test_case.num_speculative_tokens, full_cuda_graph)
tests/v1/attention/test_gdn_metadata_builder.py:156: in _create_gdn_builder
    vllm_config = create_vllm_config(
_ _ _ _ _ _ _ _ _ _ _ _ _ _ _ _ _ _ _ _ _ _ _ _ _ _ _ _ _ _ _ _ _ _ _ _ _ _ _ _ 

model_name = 'Qwen/Qwen3.5-0.8B', tensor_parallel_size = 1, max_model_len = 1024
dtype = 'auto', num_gpu_blocks = 1000, block_size = 16, max_num_seqs = 256
max_num_batched_tokens = 8192, enable_chunked_prefill = True
add_mock_model_methods = True, hf_config_override = None

    def create_vllm_config(
        model_name: str = "meta-llama/Meta-Llama-3-8B",
        tensor_parallel_size: int = 1,
        max_model_len: int = 1024,
        dtype: ModelDType | torch.dtype = "auto",
        num_gpu_blocks: int = 1000,
        block_size: int = 16,
        max_num_seqs: int = 256,
        max_num_batched_tokens: int = 8192,
        enable_chunked_prefill: bool = True,
        add_mock_model_methods: bool = True,
        hf_config_override: dict | None = None,
    ) -> VllmConfig:
        """Create a VllmConfig for testing with reasonable defaults."""
>       model_config = ModelConfig(
            model=model_name,
            tokenizer=model_name,
            trust_remote_code=False,
            dtype=dtype,
            seed=0,
            max_model_len=max_model_len,
        )
E       pydantic_core._pydantic_core.ValidationError: 1 validation error for ModelConfig
E         Value error, Invalid repository ID or local directory specified: 'Qwen/Qwen3.5-0.8B'.
E       Please verify the following requirements:
E       1. Provide a valid Hugging Face repository ID.
E       2. Specify a local directory that contains a recognized configuration file.
E          - For Hugging Face models: ensure the presence of a 'config.json'.
E          - For Mistral models: ensure the presence of a 'params.json'.
E        [type=value_error, input_value=ArgsKwargs((), {'model': ... 'max_model_len': 1024}), input_type=ArgsKwargs]
E           For further information visit https://errors.pydantic.dev/2.13/v/value_error

tests/v1/attention/utils.py:196: ValidationError
_ test_update_block_table_matches_build[pure_spec_decode_with_padding-False-none] _

test_case = GDNBuildTestCase(seq_lens=[50, 30, 16], query_lens=[3, 3, 0], num_decode_draft_tokens=[2, 2, -1], num_speculative_tokens=2, expected_num_decodes=0, expected_num_prefills=0, expected_num_prefill_tokens=0, expected_num_spec_decodes=2)
full_cuda_graph = False, mamba_cache_mode = 'none'

    @pytest.mark.parametrize("mamba_cache_mode", ["none", "align"])
    @pytest.mark.parametrize("full_cuda_graph", [False, True])
    @pytest.mark.parametrize(
        "test_case", GDN_BUILD_TEST_CASES.values(), ids=GDN_BUILD_TEST_CASES.keys()
    )
    def test_update_block_table_matches_build(
        test_case: GDNBuildTestCase, full_cuda_graph: bool, mamba_cache_mode: str
    ):
        """update_block_table() on another group's metadata matches build()."""
        batch = BatchSpec(seq_lens=test_case.seq_lens, query_lens=test_case.query_lens)
>       src, dst, ref = (
        ^^^^^^^^^^^^^
            _create_gdn_builder(test_case.num_speculative_tokens, full_cuda_graph)
            for _ in range(3)
        )

tests/v1/attention/test_gdn_metadata_builder.py:230: 
_ _ _ _ _ _ _ _ _ _ _ _ _ _ _ _ _ _ _ _ _ _ _ _ _ _ _ _ _ _ _ _ _ _ _ _ _ _ _ _ 
tests/v1/attention/test_gdn_metadata_builder.py:231: in <genexpr>
    _create_gdn_builder(test_case.num_speculative_tokens, full_cuda_graph)
tests/v1/attention/test_gdn_metadata_builder.py:156: in _create_gdn_builder
    vllm_config = create_vllm_config(
_ _ _ _ _ _ _ _ _ _ _ _ _ _ _ _ _ _ _ _ _ _ _ _ _ _ _ _ _ _ _ _ _ _ _ _ _ _ _ _ 

model_name = 'Qwen/Qwen3.5-0.8B', tensor_parallel_size = 1, max_model_len = 1024
dtype = 'auto', num_gpu_blocks = 1000, block_size = 16, max_num_seqs = 256
max_num_batched_tokens = 8192, enable_chunked_prefill = True
add_mock_model_methods = True, hf_config_override = None

    def create_vllm_config(
        model_name: str = "meta-llama/Meta-Llama-3-8B",
        tensor_parallel_size: int = 1,
        max_model_len: int = 1024,
        dtype: ModelDType | torch.dtype = "auto",
        num_gpu_blocks: int = 1000,
        block_size: int = 16,
        max_num_seqs: int = 256,
        max_num_batched_tokens: int = 8192,
        enable_chunked_prefill: bool = True,
        add_mock_model_methods: bool = True,
        hf_config_override: dict | None = None,
    ) -> VllmConfig:
        """Create a VllmConfig for testing with reasonable defaults."""
>       model_config = ModelConfig(
            model=model_name,
            tokenizer=model_name,
            trust_remote_code=False,
            dtype=dtype,
            seed=0,
            max_model_len=max_model_len,
        )
E       pydantic_core._pydantic_core.ValidationError: 1 validation error for ModelConfig
E         Value error, Invalid repository ID or local directory specified: 'Qwen/Qwen3.5-0.8B'.
E       Please verify the following requirements:
E       1. Provide a valid Hugging Face repository ID.
E       2. Specify a local directory that contains a recognized configuration file.
E          - For Hugging Face models: ensure the presence of a 'config.json'.
E          - For Mistral models: ensure the presence of a 'params.json'.
E        [type=value_error, input_value=ArgsKwargs((), {'model': ... 'max_model_len': 1024}), input_type=ArgsKwargs]
E           For further information visit https://errors.pydantic.dev/2.13/v/value_error

tests/v1/attention/utils.py:196: ValidationError
_ test_update_block_table_matches_build[pure_spec_decode_with_padding-False-align] _

test_case = GDNBuildTestCase(seq_lens=[50, 30, 16], query_lens=[3, 3, 0], num_decode_draft_tokens=[2, 2, -1], num_speculative_tokens=2, expected_num_decodes=0, expected_num_prefills=0, expected_num_prefill_tokens=0, expected_num_spec_decodes=2)
full_cuda_graph = False, mamba_cache_mode = 'align'

    @pytest.mark.parametrize("mamba_cache_mode", ["none", "align"])
    @pytest.mark.parametrize("full_cuda_graph", [False, True])
    @pytest.mark.parametrize(
        "test_case", GDN_BUILD_TEST_CASES.values(), ids=GDN_BUILD_TEST_CASES.keys()
    )
    def test_update_block_table_matches_build(
        test_case: GDNBuildTestCase, full_cuda_graph: bool, mamba_cache_mode: str
    ):
        """update_block_table() on another group's metadata matches build()."""
        batch = BatchSpec(seq_lens=test_case.seq_lens, query_lens=test_case.query_lens)
>       src, dst, ref = (
        ^^^^^^^^^^^^^
            _create_gdn_builder(test_case.num_speculative_tokens, full_cuda_graph)
            for _ in range(3)
        )

tests/v1/attention/test_gdn_metadata_builder.py:230: 
_ _ _ _ _ _ _ _ _ _ _ _ _ _ _ _ _ _ _ _ _ _ _ _ _ _ _ _ _ _ _ _ _ _ _ _ _ _ _ _ 
tests/v1/attention/test_gdn_metadata_builder.py:231: in <genexpr>
    _create_gdn_builder(test_case.num_speculative_tokens, full_cuda_graph)
tests/v1/attention/test_gdn_metadata_builder.py:156: in _create_gdn_builder
    vllm_config = create_vllm_config(
_ _ _ _ _ _ _ _ _ _ _ _ _ _ _ _ _ _ _ _ _ _ _ _ _ _ _ _ _ _ _ _ _ _ _ _ _ _ _ _ 

model_name = 'Qwen/Qwen3.5-0.8B', tensor_parallel_size = 1, max_model_len = 1024
dtype = 'auto', num_gpu_blocks = 1000, block_size = 16, max_num_seqs = 256
max_num_batched_tokens = 8192, enable_chunked_prefill = True
add_mock_model_methods = True, hf_config_override = None

    def create_vllm_config(
        model_name: str = "meta-llama/Meta-Llama-3-8B",
        tensor_parallel_size: int = 1,
        max_model_len: int = 1024,
        dtype: ModelDType | torch.dtype = "auto",
        num_gpu_blocks: int = 1000,
        block_size: int = 16,
        max_num_seqs: int = 256,
        max_num_batched_tokens: int = 8192,
        enable_chunked_prefill: bool = True,
        add_mock_model_methods: bool = True,
        hf_config_override: dict | None = None,
    ) -> VllmConfig:
        """Create a VllmConfig for testing with reasonable defaults."""
>       model_config = ModelConfig(
            model=model_name,
            tokenizer=model_name,
            trust_remote_code=False,
            dtype=dtype,
            seed=0,
            max_model_len=max_model_len,
        )
E       pydantic_core._pydantic_core.ValidationError: 1 validation error for ModelConfig
E         Value error, Invalid repository ID or local directory specified: 'Qwen/Qwen3.5-0.8B'.
E       Please verify the following requirements:
E       1. Provide a valid Hugging Face repository ID.
E       2. Specify a local directory that contains a recognized configuration file.
E          - For Hugging Face models: ensure the presence of a 'config.json'.
E          - For Mistral models: ensure the presence of a 'params.json'.
E        [type=value_error, input_value=ArgsKwargs((), {'model': ... 'max_model_len': 1024}), input_type=ArgsKwargs]
E           For further information visit https://errors.pydantic.dev/2.13/v/value_error

tests/v1/attention/utils.py:196: ValidationError
_ test_update_block_table_matches_build[pure_spec_decode_with_padding-True-none] _

test_case = GDNBuildTestCase(seq_lens=[50, 30, 16], query_lens=[3, 3, 0], num_decode_draft_tokens=[2, 2, -1], num_speculative_tokens=2, expected_num_decodes=0, expected_num_prefills=0, expected_num_prefill_tokens=0, expected_num_spec_decodes=2)
full_cuda_graph = True, mamba_cache_mode = 'none'

    @pytest.mark.parametrize("mamba_cache_mode", ["none", "align"])
    @pytest.mark.parametrize("full_cuda_graph", [False, True])
    @pytest.mark.parametrize(
        "test_case", GDN_BUILD_TEST_CASES.values(), ids=GDN_BUILD_TEST_CASES.keys()
    )
    def test_update_block_table_matches_build(
        test_case: GDNBuildTestCase, full_cuda_graph: bool, mamba_cache_mode: str
    ):
        """update_block_table() on another group's metadata matches build()."""
        batch = BatchSpec(seq_lens=test_case.seq_lens, query_lens=test_case.query_lens)
>       src, dst, ref = (
        ^^^^^^^^^^^^^
            _create_gdn_builder(test_case.num_speculative_tokens, full_cuda_graph)
            for _ in range(3)
        )

tests/v1/attention/test_gdn_metadata_builder.py:230: 
_ _ _ _ _ _ _ _ _ _ _ _ _ _ _ _ _ _ _ _ _ _ _ _ _ _ _ _ _ _ _ _ _ _ _ _ _ _ _ _ 
tests/v1/attention/test_gdn_metadata_builder.py:231: in <genexpr>
    _create_gdn_builder(test_case.num_speculative_tokens, full_cuda_graph)
tests/v1/attention/test_gdn_metadata_builder.py:156: in _create_gdn_builder
    vllm_config = create_vllm_config(
_ _ _ _ _ _ _ _ _ _ _ _ _ _ _ _ _ _ _ _ _ _ _ _ _ _ _ _ _ _ _ _ _ _ _ _ _ _ _ _ 

model_name = 'Qwen/Qwen3.5-0.8B', tensor_parallel_size = 1, max_model_len = 1024
dtype = 'auto', num_gpu_blocks = 1000, block_size = 16, max_num_seqs = 256
max_num_batched_tokens = 8192, enable_chunked_prefill = True
add_mock_model_methods = True, hf_config_override = None

    def create_vllm_config(
        model_name: str = "meta-llama/Meta-Llama-3-8B",
        tensor_parallel_size: int = 1,
        max_model_len: int = 1024,
        dtype: ModelDType | torch.dtype = "auto",
        num_gpu_blocks: int = 1000,
        block_size: int = 16,
        max_num_seqs: int = 256,
        max_num_batched_tokens: int = 8192,
        enable_chunked_prefill: bool = True,
        add_mock_model_methods: bool = True,
        hf_config_override: dict | None = None,
    ) -> VllmConfig:
        """Create a VllmConfig for testing with reasonable defaults."""
>       model_config = ModelConfig(
            model=model_name,
            tokenizer=model_name,
            trust_remote_code=False,
            dtype=dtype,
            seed=0,
            max_model_len=max_model_len,
        )
E       pydantic_core._pydantic_core.ValidationError: 1 validation error for ModelConfig
E         Value error, Invalid repository ID or local directory specified: 'Qwen/Qwen3.5-0.8B'.
E       Please verify the following requirements:
E       1. Provide a valid Hugging Face repository ID.
E       2. Specify a local directory that contains a recognized configuration file.
E          - For Hugging Face models: ensure the presence of a 'config.json'.
E          - For Mistral models: ensure the presence of a 'params.json'.
E        [type=value_error, input_value=ArgsKwargs((), {'model': ... 'max_model_len': 1024}), input_type=ArgsKwargs]
E           For further information visit https://errors.pydantic.dev/2.13/v/value_error

tests/v1/attention/utils.py:196: ValidationError
_ test_update_block_table_matches_build[pure_spec_decode_with_padding-True-align] _

test_case = GDNBuildTestCase(seq_lens=[50, 30, 16], query_lens=[3, 3, 0], num_decode_draft_tokens=[2, 2, -1], num_speculative_tokens=2, expected_num_decodes=0, expected_num_prefills=0, expected_num_prefill_tokens=0, expected_num_spec_decodes=2)
full_cuda_graph = True, mamba_cache_mode = 'align'

    @pytest.mark.parametrize("mamba_cache_mode", ["none", "align"])
    @pytest.mark.parametrize("full_cuda_graph", [False, True])
    @pytest.mark.parametrize(
        "test_case", GDN_BUILD_TEST_CASES.values(), ids=GDN_BUILD_TEST_CASES.keys()
    )
    def test_update_block_table_matches_build(
        test_case: GDNBuildTestCase, full_cuda_graph: bool, mamba_cache_mode: str
    ):
        """update_block_table() on another group's metadata matches build()."""
        batch = BatchSpec(seq_lens=test_case.seq_lens, query_lens=test_case.query_lens)
>       src, dst, ref = (
        ^^^^^^^^^^^^^
            _create_gdn_builder(test_case.num_speculative_tokens, full_cuda_graph)
            for _ in range(3)
        )

tests/v1/attention/test_gdn_metadata_builder.py:230: 
_ _ _ _ _ _ _ _ _ _ _ _ _ _ _ _ _ _ _ _ _ _ _ _ _ _ _ _ _ _ _ _ _ _ _ _ _ _ _ _ 
tests/v1/attention/test_gdn_metadata_builder.py:231: in <genexpr>
    _create_gdn_builder(test_case.num_speculative_tokens, full_cuda_graph)
tests/v1/attention/test_gdn_metadata_builder.py:156: in _create_gdn_builder
    vllm_config = create_vllm_config(
_ _ _ _ _ _ _ _ _ _ _ _ _ _ _ _ _ _ _ _ _ _ _ _ _ _ _ _ _ _ _ _ _ _ _ _ _ _ _ _ 

model_name = 'Qwen/Qwen3.5-0.8B', tensor_parallel_size = 1, max_model_len = 1024
dtype = 'auto', num_gpu_blocks = 1000, block_size = 16, max_num_seqs = 256
max_num_batched_tokens = 8192, enable_chunked_prefill = True
add_mock_model_methods = True, hf_config_override = None

    def create_vllm_config(
        model_name: str = "meta-llama/Meta-Llama-3-8B",
        tensor_parallel_size: int = 1,
        max_model_len: int = 1024,
        dtype: ModelDType | torch.dtype = "auto",
        num_gpu_blocks: int = 1000,
        block_size: int = 16,
        max_num_seqs: int = 256,
        max_num_batched_tokens: int = 8192,
        enable_chunked_prefill: bool = True,
        add_mock_model_methods: bool = True,
        hf_config_override: dict | None = None,
    ) -> VllmConfig:
        """Create a VllmConfig for testing with reasonable defaults."""
>       model_config = ModelConfig(
            model=model_name,
            tokenizer=model_name,
            trust_remote_code=False,
            dtype=dtype,
            seed=0,
            max_model_len=max_model_len,
        )
E       pydantic_core._pydantic_core.ValidationError: 1 validation error for ModelConfig
E         Value error, Invalid repository ID or local directory specified: 'Qwen/Qwen3.5-0.8B'.
E       Please verify the following requirements:
E       1. Provide a valid Hugging Face repository ID.
E       2. Specify a local directory that contains a recognized configuration file.
E          - For Hugging Face models: ensure the presence of a 'config.json'.
E          - For Mistral models: ensure the presence of a 'params.json'.
E        [type=value_error, input_value=ArgsKwargs((), {'model': ... 'max_model_len': 1024}), input_type=ArgsKwargs]
E           For further information visit https://errors.pydantic.dev/2.13/v/value_error

tests/v1/attention/utils.py:196: ValidationError
____ test_update_block_table_matches_build[pure_regular_decode-False-none] _____

test_case = GDNBuildTestCase(seq_lens=[40, 30, 20], query_lens=[1, 1, 1], num_decode_draft_tokens=None, num_speculative_tokens=0, expected_num_decodes=3, expected_num_prefills=0, expected_num_prefill_tokens=0, expected_num_spec_decodes=0)
full_cuda_graph = False, mamba_cache_mode = 'none'

    @pytest.mark.parametrize("mamba_cache_mode", ["none", "align"])
    @pytest.mark.parametrize("full_cuda_graph", [False, True])
    @pytest.mark.parametrize(
        "test_case", GDN_BUILD_TEST_CASES.values(), ids=GDN_BUILD_TEST_CASES.keys()
    )
    def test_update_block_table_matches_build(
        test_case: GDNBuildTestCase, full_cuda_graph: bool, mamba_cache_mode: str
    ):
        """update_block_table() on another group's metadata matches build()."""
        batch = BatchSpec(seq_lens=test_case.seq_lens, query_lens=test_case.query_lens)
>       src, dst, ref = (
        ^^^^^^^^^^^^^
            _create_gdn_builder(test_case.num_speculative_tokens, full_cuda_graph)
            for _ in range(3)
        )

tests/v1/attention/test_gdn_metadata_builder.py:230: 
_ _ _ _ _ _ _ _ _ _ _ _ _ _ _ _ _ _ _ _ _ _ _ _ _ _ _ _ _ _ _ _ _ _ _ _ _ _ _ _ 
tests/v1/attention/test_gdn_metadata_builder.py:231: in <genexpr>
    _create_gdn_builder(test_case.num_speculative_tokens, full_cuda_graph)
tests/v1/attention/test_gdn_metadata_builder.py:156: in _create_gdn_builder
    vllm_config = create_vllm_config(
_ _ _ _ _ _ _ _ _ _ _ _ _ _ _ _ _ _ _ _ _ _ _ _ _ _ _ _ _ _ _ _ _ _ _ _ _ _ _ _ 

model_name = 'Qwen/Qwen3.5-0.8B', tensor_parallel_size = 1, max_model_len = 1024
dtype = 'auto', num_gpu_blocks = 1000, block_size = 16, max_num_seqs = 256
max_num_batched_tokens = 8192, enable_chunked_prefill = True
add_mock_model_methods = True, hf_config_override = None

    def create_vllm_config(
        model_name: str = "meta-llama/Meta-Llama-3-8B",
        tensor_parallel_size: int = 1,
        max_model_len: int = 1024,
        dtype: ModelDType | torch.dtype = "auto",
        num_gpu_blocks: int = 1000,
        block_size: int = 16,
        max_num_seqs: int = 256,
        max_num_batched_tokens: int = 8192,
        enable_chunked_prefill: bool = True,
        add_mock_model_methods: bool = True,
        hf_config_override: dict | None = None,
    ) -> VllmConfig:
        """Create a VllmConfig for testing with reasonable defaults."""
>       model_config = ModelConfig(
            model=model_name,
            tokenizer=model_name,
            trust_remote_code=False,
            dtype=dtype,
            seed=0,
            max_model_len=max_model_len,
        )
E       pydantic_core._pydantic_core.ValidationError: 1 validation error for ModelConfig
E         Value error, Invalid repository ID or local directory specified: 'Qwen/Qwen3.5-0.8B'.
E       Please verify the following requirements:
E       1. Provide a valid Hugging Face repository ID.
E       2. Specify a local directory that contains a recognized configuration file.
E          - For Hugging Face models: ensure the presence of a 'config.json'.
E          - For Mistral models: ensure the presence of a 'params.json'.
E        [type=value_error, input_value=ArgsKwargs((), {'model': ... 'max_model_len': 1024}), input_type=ArgsKwargs]
E           For further information visit https://errors.pydantic.dev/2.13/v/value_error

tests/v1/attention/utils.py:196: ValidationError
____ test_update_block_table_matches_build[pure_regular_decode-False-align] ____

test_case = GDNBuildTestCase(seq_lens=[40, 30, 20], query_lens=[1, 1, 1], num_decode_draft_tokens=None, num_speculative_tokens=0, expected_num_decodes=3, expected_num_prefills=0, expected_num_prefill_tokens=0, expected_num_spec_decodes=0)
full_cuda_graph = False, mamba_cache_mode = 'align'

    @pytest.mark.parametrize("mamba_cache_mode", ["none", "align"])
    @pytest.mark.parametrize("full_cuda_graph", [False, True])
    @pytest.mark.parametrize(
        "test_case", GDN_BUILD_TEST_CASES.values(), ids=GDN_BUILD_TEST_CASES.keys()
    )
    def test_update_block_table_matches_build(
        test_case: GDNBuildTestCase, full_cuda_graph: bool, mamba_cache_mode: str
    ):
        """update_block_table() on another group's metadata matches build()."""
        batch = BatchSpec(seq_lens=test_case.seq_lens, query_lens=test_case.query_lens)
>       src, dst, ref = (
        ^^^^^^^^^^^^^
            _create_gdn_builder(test_case.num_speculative_tokens, full_cuda_graph)
            for _ in range(3)
        )

tests/v1/attention/test_gdn_metadata_builder.py:230: 
_ _ _ _ _ _ _ _ _ _ _ _ _ _ _ _ _ _ _ _ _ _ _ _ _ _ _ _ _ _ _ _ _ _ _ _ _ _ _ _ 
tests/v1/attention/test_gdn_metadata_builder.py:231: in <genexpr>
    _create_gdn_builder(test_case.num_speculative_tokens, full_cuda_graph)
tests/v1/attention/test_gdn_metadata_builder.py:156: in _create_gdn_builder
    vllm_config = create_vllm_config(
_ _ _ _ _ _ _ _ _ _ _ _ _ _ _ _ _ _ _ _ _ _ _ _ _ _ _ _ _ _ _ _ _ _ _ _ _ _ _ _ 

model_name = 'Qwen/Qwen3.5-0.8B', tensor_parallel_size = 1, max_model_len = 1024
dtype = 'auto', num_gpu_blocks = 1000, block_size = 16, max_num_seqs = 256
max_num_batched_tokens = 8192, enable_chunked_prefill = True
add_mock_model_methods = True, hf_config_override = None

    def create_vllm_config(
        model_name: str = "meta-llama/Meta-Llama-3-8B",
        tensor_parallel_size: int = 1,
        max_model_len: int = 1024,
        dtype: ModelDType | torch.dtype = "auto",
        num_gpu_blocks: int = 1000,
        block_size: int = 16,
        max_num_seqs: int = 256,
        max_num_batched_tokens: int = 8192,
        enable_chunked_prefill: bool = True,
        add_mock_model_methods: bool = True,
        hf_config_override: dict | None = None,
    ) -> VllmConfig:
        """Create a VllmConfig for testing with reasonable defaults."""
>       model_config = ModelConfig(
            model=model_name,
            tokenizer=model_name,
            trust_remote_code=False,
            dtype=dtype,
            seed=0,
            max_model_len=max_model_len,
        )
E       pydantic_core._pydantic_core.ValidationError: 1 validation error for ModelConfig
E         Value error, Invalid repository ID or local directory specified: 'Qwen/Qwen3.5-0.8B'.
E       Please verify the following requirements:
E       1. Provide a valid Hugging Face repository ID.
E       2. Specify a local directory that contains a recognized configuration file.
E          - For Hugging Face models: ensure the presence of a 'config.json'.
E          - For Mistral models: ensure the presence of a 'params.json'.
E        [type=value_error, input_value=ArgsKwargs((), {'model': ... 'max_model_len': 1024}), input_type=ArgsKwargs]
E           For further information visit https://errors.pydantic.dev/2.13/v/value_error

tests/v1/attention/utils.py:196: ValidationError
_____ test_update_block_table_matches_build[pure_regular_decode-True-none] _____

test_case = GDNBuildTestCase(seq_lens=[40, 30, 20], query_lens=[1, 1, 1], num_decode_draft_tokens=None, num_speculative_tokens=0, expected_num_decodes=3, expected_num_prefills=0, expected_num_prefill_tokens=0, expected_num_spec_decodes=0)
full_cuda_graph = True, mamba_cache_mode = 'none'

    @pytest.mark.parametrize("mamba_cache_mode", ["none", "align"])
    @pytest.mark.parametrize("full_cuda_graph", [False, True])
    @pytest.mark.parametrize(
        "test_case", GDN_BUILD_TEST_CASES.values(), ids=GDN_BUILD_TEST_CASES.keys()
    )
    def test_update_block_table_matches_build(
        test_case: GDNBuildTestCase, full_cuda_graph: bool, mamba_cache_mode: str
    ):
        """update_block_table() on another group's metadata matches build()."""
        batch = BatchSpec(seq_lens=test_case.seq_lens, query_lens=test_case.query_lens)
>       src, dst, ref = (
        ^^^^^^^^^^^^^
            _create_gdn_builder(test_case.num_speculative_tokens, full_cuda_graph)
            for _ in range(3)
        )

tests/v1/attention/test_gdn_metadata_builder.py:230: 
_ _ _ _ _ _ _ _ _ _ _ _ _ _ _ _ _ _ _ _ _ _ _ _ _ _ _ _ _ _ _ _ _ _ _ _ _ _ _ _ 
tests/v1/attention/test_gdn_metadata_builder.py:231: in <genexpr>
    _create_gdn_builder(test_case.num_speculative_tokens, full_cuda_graph)
tests/v1/attention/test_gdn_metadata_builder.py:156: in _create_gdn_builder
    vllm_config = create_vllm_config(
_ _ _ _ _ _ _ _ _ _ _ _ _ _ _ _ _ _ _ _ _ _ _ _ _ _ _ _ _ _ _ _ _ _ _ _ _ _ _ _ 

model_name = 'Qwen/Qwen3.5-0.8B', tensor_parallel_size = 1, max_model_len = 1024
dtype = 'auto', num_gpu_blocks = 1000, block_size = 16, max_num_seqs = 256
max_num_batched_tokens = 8192, enable_chunked_prefill = True
add_mock_model_methods = True, hf_config_override = None

    def create_vllm_config(
        model_name: str = "meta-llama/Meta-Llama-3-8B",
        tensor_parallel_size: int = 1,
        max_model_len: int = 1024,
        dtype: ModelDType | torch.dtype = "auto",
        num_gpu_blocks: int = 1000,
        block_size: int = 16,
        max_num_seqs: int = 256,
        max_num_batched_tokens: int = 8192,
        enable_chunked_prefill: bool = True,
        add_mock_model_methods: bool = True,
        hf_config_override: dict | None = None,
    ) -> VllmConfig:
        """Create a VllmConfig for testing with reasonable defaults."""
>       model_config = ModelConfig(
            model=model_name,
            tokenizer=model_name,
            trust_remote_code=False,
            dtype=dtype,
            seed=0,
            max_model_len=max_model_len,
        )
E       pydantic_core._pydantic_core.ValidationError: 1 validation error for ModelConfig
E         Value error, Invalid repository ID or local directory specified: 'Qwen/Qwen3.5-0.8B'.
E       Please verify the following requirements:
E       1. Provide a valid Hugging Face repository ID.
E       2. Specify a local directory that contains a recognized configuration file.
E          - For Hugging Face models: ensure the presence of a 'config.json'.
E          - For Mistral models: ensure the presence of a 'params.json'.
E        [type=value_error, input_value=ArgsKwargs((), {'model': ... 'max_model_len': 1024}), input_type=ArgsKwargs]
E           For further information visit https://errors.pydantic.dev/2.13/v/value_error

tests/v1/attention/utils.py:196: ValidationError
____ test_update_block_table_matches_build[pure_regular_decode-True-align] _____

test_case = GDNBuildTestCase(seq_lens=[40, 30, 20], query_lens=[1, 1, 1], num_decode_draft_tokens=None, num_speculative_tokens=0, expected_num_decodes=3, expected_num_prefills=0, expected_num_prefill_tokens=0, expected_num_spec_decodes=0)
full_cuda_graph = True, mamba_cache_mode = 'align'

    @pytest.mark.parametrize("mamba_cache_mode", ["none", "align"])
    @pytest.mark.parametrize("full_cuda_graph", [False, True])
    @pytest.mark.parametrize(
        "test_case", GDN_BUILD_TEST_CASES.values(), ids=GDN_BUILD_TEST_CASES.keys()
    )
    def test_update_block_table_matches_build(
        test_case: GDNBuildTestCase, full_cuda_graph: bool, mamba_cache_mode: str
    ):
        """update_block_table() on another group's metadata matches build()."""
        batch = BatchSpec(seq_lens=test_case.seq_lens, query_lens=test_case.query_lens)
>       src, dst, ref = (
        ^^^^^^^^^^^^^
            _create_gdn_builder(test_case.num_speculative_tokens, full_cuda_graph)
            for _ in range(3)
        )

tests/v1/attention/test_gdn_metadata_builder.py:230: 
_ _ _ _ _ _ _ _ _ _ _ _ _ _ _ _ _ _ _ _ _ _ _ _ _ _ _ _ _ _ _ _ _ _ _ _ _ _ _ _ 
tests/v1/attention/test_gdn_metadata_builder.py:231: in <genexpr>
    _create_gdn_builder(test_case.num_speculative_tokens, full_cuda_graph)
tests/v1/attention/test_gdn_metadata_builder.py:156: in _create_gdn_builder
    vllm_config = create_vllm_config(
_ _ _ _ _ _ _ _ _ _ _ _ _ _ _ _ _ _ _ _ _ _ _ _ _ _ _ _ _ _ _ _ _ _ _ _ _ _ _ _ 

model_name = 'Qwen/Qwen3.5-0.8B', tensor_parallel_size = 1, max_model_len = 1024
dtype = 'auto', num_gpu_blocks = 1000, block_size = 16, max_num_seqs = 256
max_num_batched_tokens = 8192, enable_chunked_prefill = True
add_mock_model_methods = True, hf_config_override = None

    def create_vllm_config(
        model_name: str = "meta-llama/Meta-Llama-3-8B",
        tensor_parallel_size: int = 1,
        max_model_len: int = 1024,
        dtype: ModelDType | torch.dtype = "auto",
        num_gpu_blocks: int = 1000,
        block_size: int = 16,
        max_num_seqs: int = 256,
        max_num_batched_tokens: int = 8192,
        enable_chunked_prefill: bool = True,
        add_mock_model_methods: bool = True,
        hf_config_override: dict | None = None,
    ) -> VllmConfig:
        """Create a VllmConfig for testing with reasonable defaults."""
>       model_config = ModelConfig(
            model=model_name,
            tokenizer=model_name,
            trust_remote_code=False,
            dtype=dtype,
            seed=0,
            max_model_len=max_model_len,
        )
E       pydantic_core._pydantic_core.ValidationError: 1 validation error for ModelConfig
E         Value error, Invalid repository ID or local directory specified: 'Qwen/Qwen3.5-0.8B'.
E       Please verify the following requirements:
E       1. Provide a valid Hugging Face repository ID.
E       2. Specify a local directory that contains a recognized configuration file.
E          - For Hugging Face models: ensure the presence of a 'config.json'.
E          - For Mistral models: ensure the presence of a 'params.json'.
E        [type=value_error, input_value=ArgsKwargs((), {'model': ... 'max_model_len': 1024}), input_type=ArgsKwargs]
E           For further information visit https://errors.pydantic.dev/2.13/v/value_error

tests/v1/attention/utils.py:196: ValidationError
_ test_update_block_table_matches_build[regular_decode_with_prefill-False-none] _

test_case = GDNBuildTestCase(seq_lens=[40, 100], query_lens=[1, 50], num_decode_draft_tokens=None, num_speculative_tokens=0, expected_num_decodes=1, expected_num_prefills=1, expected_num_prefill_tokens=50, expected_num_spec_decodes=0)
full_cuda_graph = False, mamba_cache_mode = 'none'

    @pytest.mark.parametrize("mamba_cache_mode", ["none", "align"])
    @pytest.mark.parametrize("full_cuda_graph", [False, True])
    @pytest.mark.parametrize(
        "test_case", GDN_BUILD_TEST_CASES.values(), ids=GDN_BUILD_TEST_CASES.keys()
    )
    def test_update_block_table_matches_build(
        test_case: GDNBuildTestCase, full_cuda_graph: bool, mamba_cache_mode: str
    ):
        """update_block_table() on another group's metadata matches build()."""
        batch = BatchSpec(seq_lens=test_case.seq_lens, query_lens=test_case.query_lens)
>       src, dst, ref = (
        ^^^^^^^^^^^^^
            _create_gdn_builder(test_case.num_speculative_tokens, full_cuda_graph)
            for _ in range(3)
        )

tests/v1/attention/test_gdn_metadata_builder.py:230: 
_ _ _ _ _ _ _ _ _ _ _ _ _ _ _ _ _ _ _ _ _ _ _ _ _ _ _ _ _ _ _ _ _ _ _ _ _ _ _ _ 
tests/v1/attention/test_gdn_metadata_builder.py:231: in <genexpr>
    _create_gdn_builder(test_case.num_speculative_tokens, full_cuda_graph)
tests/v1/attention/test_gdn_metadata_builder.py:156: in _create_gdn_builder
    vllm_config = create_vllm_config(
_ _ _ _ _ _ _ _ _ _ _ _ _ _ _ _ _ _ _ _ _ _ _ _ _ _ _ _ _ _ _ _ _ _ _ _ _ _ _ _ 

model_name = 'Qwen/Qwen3.5-0.8B', tensor_parallel_size = 1, max_model_len = 1024
dtype = 'auto', num_gpu_blocks = 1000, block_size = 16, max_num_seqs = 256
max_num_batched_tokens = 8192, enable_chunked_prefill = True
add_mock_model_methods = True, hf_config_override = None

    def create_vllm_config(
        model_name: str = "meta-llama/Meta-Llama-3-8B",
        tensor_parallel_size: int = 1,
        max_model_len: int = 1024,
        dtype: ModelDType | torch.dtype = "auto",
        num_gpu_blocks: int = 1000,
        block_size: int = 16,
        max_num_seqs: int = 256,
        max_num_batched_tokens: int = 8192,
        enable_chunked_prefill: bool = True,
        add_mock_model_methods: bool = True,
        hf_config_override: dict | None = None,
    ) -> VllmConfig:
        """Create a VllmConfig for testing with reasonable defaults."""
>       model_config = ModelConfig(
            model=model_name,
            tokenizer=model_name,
            trust_remote_code=False,
            dtype=dtype,
            seed=0,
            max_model_len=max_model_len,
        )
E       pydantic_core._pydantic_core.ValidationError: 1 validation error for ModelConfig
E         Value error, Invalid repository ID or local directory specified: 'Qwen/Qwen3.5-0.8B'.
E       Please verify the following requirements:
E       1. Provide a valid Hugging Face repository ID.
E       2. Specify a local directory that contains a recognized configuration file.
E          - For Hugging Face models: ensure the presence of a 'config.json'.
E          - For Mistral models: ensure the presence of a 'params.json'.
E        [type=value_error, input_value=ArgsKwargs((), {'model': ... 'max_model_len': 1024}), input_type=ArgsKwargs]
E           For further information visit https://errors.pydantic.dev/2.13/v/value_error

tests/v1/attention/utils.py:196: ValidationError
_ test_update_block_table_matches_build[regular_decode_with_prefill-False-align] _

test_case = GDNBuildTestCase(seq_lens=[40, 100], query_lens=[1, 50], num_decode_draft_tokens=None, num_speculative_tokens=0, expected_num_decodes=1, expected_num_prefills=1, expected_num_prefill_tokens=50, expected_num_spec_decodes=0)
full_cuda_graph = False, mamba_cache_mode = 'align'

    @pytest.mark.parametrize("mamba_cache_mode", ["none", "align"])
    @pytest.mark.parametrize("full_cuda_graph", [False, True])
    @pytest.mark.parametrize(
        "test_case", GDN_BUILD_TEST_CASES.values(), ids=GDN_BUILD_TEST_CASES.keys()
    )
    def test_update_block_table_matches_build(
        test_case: GDNBuildTestCase, full_cuda_graph: bool, mamba_cache_mode: str
    ):
        """update_block_table() on another group's metadata matches build()."""
        batch = BatchSpec(seq_lens=test_case.seq_lens, query_lens=test_case.query_lens)
>       src, dst, ref = (
        ^^^^^^^^^^^^^
            _create_gdn_builder(test_case.num_speculative_tokens, full_cuda_graph)
            for _ in range(3)
        )

tests/v1/attention/test_gdn_metadata_builder.py:230: 
_ _ _ _ _ _ _ _ _ _ _ _ _ _ _ _ _ _ _ _ _ _ _ _ _ _ _ _ _ _ _ _ _ _ _ _ _ _ _ _ 
tests/v1/attention/test_gdn_metadata_builder.py:231: in <genexpr>
    _create_gdn_builder(test_case.num_speculative_tokens, full_cuda_graph)
tests/v1/attention/test_gdn_metadata_builder.py:156: in _create_gdn_builder
    vllm_config = create_vllm_config(
_ _ _ _ _ _ _ _ _ _ _ _ _ _ _ _ _ _ _ _ _ _ _ _ _ _ _ _ _ _ _ _ _ _ _ _ _ _ _ _ 

model_name = 'Qwen/Qwen3.5-0.8B', tensor_parallel_size = 1, max_model_len = 1024
dtype = 'auto', num_gpu_blocks = 1000, block_size = 16, max_num_seqs = 256
max_num_batched_tokens = 8192, enable_chunked_prefill = True
add_mock_model_methods = True, hf_config_override = None

    def create_vllm_config(
        model_name: str = "meta-llama/Meta-Llama-3-8B",
        tensor_parallel_size: int = 1,
        max_model_len: int = 1024,
        dtype: ModelDType | torch.dtype = "auto",
        num_gpu_blocks: int = 1000,
        block_size: int = 16,
        max_num_seqs: int = 256,
        max_num_batched_tokens: int = 8192,
        enable_chunked_prefill: bool = True,
        add_mock_model_methods: bool = True,
        hf_config_override: dict | None = None,
    ) -> VllmConfig:
        """Create a VllmConfig for testing with reasonable defaults."""
>       model_config = ModelConfig(
            model=model_name,
            tokenizer=model_name,
            trust_remote_code=False,
            dtype=dtype,
            seed=0,
            max_model_len=max_model_len,
        )
E       pydantic_core._pydantic_core.ValidationError: 1 validation error for ModelConfig
E         Value error, Invalid repository ID or local directory specified: 'Qwen/Qwen3.5-0.8B'.
E       Please verify the following requirements:
E       1. Provide a valid Hugging Face repository ID.
E       2. Specify a local directory that contains a recognized configuration file.
E          - For Hugging Face models: ensure the presence of a 'config.json'.
E          - For Mistral models: ensure the presence of a 'params.json'.
E        [type=value_error, input_value=ArgsKwargs((), {'model': ... 'max_model_len': 1024}), input_type=ArgsKwargs]
E           For further information visit https://errors.pydantic.dev/2.13/v/value_error

tests/v1/attention/utils.py:196: ValidationError
_ test_update_block_table_matches_build[regular_decode_with_prefill-True-none] _

test_case = GDNBuildTestCase(seq_lens=[40, 100], query_lens=[1, 50], num_decode_draft_tokens=None, num_speculative_tokens=0, expected_num_decodes=1, expected_num_prefills=1, expected_num_prefill_tokens=50, expected_num_spec_decodes=0)
full_cuda_graph = True, mamba_cache_mode = 'none'

    @pytest.mark.parametrize("mamba_cache_mode", ["none", "align"])
    @pytest.mark.parametrize("full_cuda_graph", [False, True])
    @pytest.mark.parametrize(
        "test_case", GDN_BUILD_TEST_CASES.values(), ids=GDN_BUILD_TEST_CASES.keys()
    )
    def test_update_block_table_matches_build(
        test_case: GDNBuildTestCase, full_cuda_graph: bool, mamba_cache_mode: str
    ):
        """update_block_table() on another group's metadata matches build()."""
        batch = BatchSpec(seq_lens=test_case.seq_lens, query_lens=test_case.query_lens)
>       src, dst, ref = (
        ^^^^^^^^^^^^^
            _create_gdn_builder(test_case.num_speculative_tokens, full_cuda_graph)
            for _ in range(3)
        )

tests/v1/attention/test_gdn_metadata_builder.py:230: 
_ _ _ _ _ _ _ _ _ _ _ _ _ _ _ _ _ _ _ _ _ _ _ _ _ _ _ _ _ _ _ _ _ _ _ _ _ _ _ _ 
tests/v1/attention/test_gdn_metadata_builder.py:231: in <genexpr>
    _create_gdn_builder(test_case.num_speculative_tokens, full_cuda_graph)
tests/v1/attention/test_gdn_metadata_builder.py:156: in _create_gdn_builder
    vllm_config = create_vllm_config(
_ _ _ _ _ _ _ _ _ _ _ _ _ _ _ _ _ _ _ _ _ _ _ _ _ _ _ _ _ _ _ _ _ _ _ _ _ _ _ _ 

model_name = 'Qwen/Qwen3.5-0.8B', tensor_parallel_size = 1, max_model_len = 1024
dtype = 'auto', num_gpu_blocks = 1000, block_size = 16, max_num_seqs = 256
max_num_batched_tokens = 8192, enable_chunked_prefill = True
add_mock_model_methods = True, hf_config_override = None

    def create_vllm_config(
        model_name: str = "meta-llama/Meta-Llama-3-8B",
        tensor_parallel_size: int = 1,
        max_model_len: int = 1024,
        dtype: ModelDType | torch.dtype = "auto",
        num_gpu_blocks: int = 1000,
        block_size: int = 16,
        max_num_seqs: int = 256,
        max_num_batched_tokens: int = 8192,
        enable_chunked_prefill: bool = True,
        add_mock_model_methods: bool = True,
        hf_config_override: dict | None = None,
    ) -> VllmConfig:
        """Create a VllmConfig for testing with reasonable defaults."""
>       model_config = ModelConfig(
            model=model_name,
            tokenizer=model_name,
            trust_remote_code=False,
            dtype=dtype,
            seed=0,
            max_model_len=max_model_len,
        )
E       pydantic_core._pydantic_core.ValidationError: 1 validation error for ModelConfig
E         Value error, Invalid repository ID or local directory specified: 'Qwen/Qwen3.5-0.8B'.
E       Please verify the following requirements:
E       1. Provide a valid Hugging Face repository ID.
E       2. Specify a local directory that contains a recognized configuration file.
E          - For Hugging Face models: ensure the presence of a 'config.json'.
E          - For Mistral models: ensure the presence of a 'params.json'.
E        [type=value_error, input_value=ArgsKwargs((), {'model': ... 'max_model_len': 1024}), input_type=ArgsKwargs]
E           For further information visit https://errors.pydantic.dev/2.13/v/value_error

tests/v1/attention/utils.py:196: ValidationError
_ test_update_block_table_matches_build[regular_decode_with_prefill-True-align] _

test_case = GDNBuildTestCase(seq_lens=[40, 100], query_lens=[1, 50], num_decode_draft_tokens=None, num_speculative_tokens=0, expected_num_decodes=1, expected_num_prefills=1, expected_num_prefill_tokens=50, expected_num_spec_decodes=0)
full_cuda_graph = True, mamba_cache_mode = 'align'

    @pytest.mark.parametrize("mamba_cache_mode", ["none", "align"])
    @pytest.mark.parametrize("full_cuda_graph", [False, True])
    @pytest.mark.parametrize(
        "test_case", GDN_BUILD_TEST_CASES.values(), ids=GDN_BUILD_TEST_CASES.keys()
    )
    def test_update_block_table_matches_build(
        test_case: GDNBuildTestCase, full_cuda_graph: bool, mamba_cache_mode: str
    ):
        """update_block_table() on another group's metadata matches build()."""
        batch = BatchSpec(seq_lens=test_case.seq_lens, query_lens=test_case.query_lens)
>       src, dst, ref = (
        ^^^^^^^^^^^^^
            _create_gdn_builder(test_case.num_speculative_tokens, full_cuda_graph)
            for _ in range(3)
        )

tests/v1/attention/test_gdn_metadata_builder.py:230: 
_ _ _ _ _ _ _ _ _ _ _ _ _ _ _ _ _ _ _ _ _ _ _ _ _ _ _ _ _ _ _ _ _ _ _ _ _ _ _ _ 
tests/v1/attention/test_gdn_metadata_builder.py:231: in <genexpr>
    _create_gdn_builder(test_case.num_speculative_tokens, full_cuda_graph)
tests/v1/attention/test_gdn_metadata_builder.py:156: in _create_gdn_builder
    vllm_config = create_vllm_config(
_ _ _ _ _ _ _ _ _ _ _ _ _ _ _ _ _ _ _ _ _ _ _ _ _ _ _ _ _ _ _ _ _ _ _ _ _ _ _ _ 

model_name = 'Qwen/Qwen3.5-0.8B', tensor_parallel_size = 1, max_model_len = 1024
dtype = 'auto', num_gpu_blocks = 1000, block_size = 16, max_num_seqs = 256
max_num_batched_tokens = 8192, enable_chunked_prefill = True
add_mock_model_methods = True, hf_config_override = None

    def create_vllm_config(
        model_name: str = "meta-llama/Meta-Llama-3-8B",
        tensor_parallel_size: int = 1,
        max_model_len: int = 1024,
        dtype: ModelDType | torch.dtype = "auto",
        num_gpu_blocks: int = 1000,
        block_size: int = 16,
        max_num_seqs: int = 256,
        max_num_batched_tokens: int = 8192,
        enable_chunked_prefill: bool = True,
        add_mock_model_methods: bool = True,
        hf_config_override: dict | None = None,
    ) -> VllmConfig:
        """Create a VllmConfig for testing with reasonable defaults."""
>       model_config = ModelConfig(
            model=model_name,
            tokenizer=model_name,
            trust_remote_code=False,
            dtype=dtype,
            seed=0,
            max_model_len=max_model_len,
        )
E       pydantic_core._pydantic_core.ValidationError: 1 validation error for ModelConfig
E         Value error, Invalid repository ID or local directory specified: 'Qwen/Qwen3.5-0.8B'.
E       Please verify the following requirements:
E       1. Provide a valid Hugging Face repository ID.
E       2. Specify a local directory that contains a recognized configuration file.
E          - For Hugging Face models: ensure the presence of a 'config.json'.
E          - For Mistral models: ensure the presence of a 'params.json'.
E        [type=value_error, input_value=ArgsKwargs((), {'model': ... 'max_model_len': 1024}), input_type=ArgsKwargs]
E           For further information visit https://errors.pydantic.dev/2.13/v/value_error

tests/v1/attention/utils.py:196: ValidationError
_ test_update_block_table_matches_build[spec_decode_with_real_prefill-False-none] _

test_case = GDNBuildTestCase(seq_lens=[100, 20], query_lens=[50, 3], num_decode_draft_tokens=[-1, 2], num_speculative_tokens=2, expected_num_decodes=0, expected_num_prefills=1, expected_num_prefill_tokens=50, expected_num_spec_decodes=1)
full_cuda_graph = False, mamba_cache_mode = 'none'

    @pytest.mark.parametrize("mamba_cache_mode", ["none", "align"])
    @pytest.mark.parametrize("full_cuda_graph", [False, True])
    @pytest.mark.parametrize(
        "test_case", GDN_BUILD_TEST_CASES.values(), ids=GDN_BUILD_TEST_CASES.keys()
    )
    def test_update_block_table_matches_build(
        test_case: GDNBuildTestCase, full_cuda_graph: bool, mamba_cache_mode: str
    ):
        """update_block_table() on another group's metadata matches build()."""
        batch = BatchSpec(seq_lens=test_case.seq_lens, query_lens=test_case.query_lens)
>       src, dst, ref = (
        ^^^^^^^^^^^^^
            _create_gdn_builder(test_case.num_speculative_tokens, full_cuda_graph)
            for _ in range(3)
        )

tests/v1/attention/test_gdn_metadata_builder.py:230: 
_ _ _ _ _ _ _ _ _ _ _ _ _ _ _ _ _ _ _ _ _ _ _ _ _ _ _ _ _ _ _ _ _ _ _ _ _ _ _ _ 
tests/v1/attention/test_gdn_metadata_builder.py:231: in <genexpr>
    _create_gdn_builder(test_case.num_speculative_tokens, full_cuda_graph)
tests/v1/attention/test_gdn_metadata_builder.py:156: in _create_gdn_builder
    vllm_config = create_vllm_config(
_ _ _ _ _ _ _ _ _ _ _ _ _ _ _ _ _ _ _ _ _ _ _ _ _ _ _ _ _ _ _ _ _ _ _ _ _ _ _ _ 

model_name = 'Qwen/Qwen3.5-0.8B', tensor_parallel_size = 1, max_model_len = 1024
dtype = 'auto', num_gpu_blocks = 1000, block_size = 16, max_num_seqs = 256
max_num_batched_tokens = 8192, enable_chunked_prefill = True
add_mock_model_methods = True, hf_config_override = None

    def create_vllm_config(
        model_name: str = "meta-llama/Meta-Llama-3-8B",
        tensor_parallel_size: int = 1,
        max_model_len: int = 1024,
        dtype: ModelDType | torch.dtype = "auto",
        num_gpu_blocks: int = 1000,
        block_size: int = 16,
        max_num_seqs: int = 256,
        max_num_batched_tokens: int = 8192,
        enable_chunked_prefill: bool = True,
        add_mock_model_methods: bool = True,
        hf_config_override: dict | None = None,
    ) -> VllmConfig:
        """Create a VllmConfig for testing with reasonable defaults."""
>       model_config = ModelConfig(
            model=model_name,
            tokenizer=model_name,
            trust_remote_code=False,
            dtype=dtype,
            seed=0,
            max_model_len=max_model_len,
        )
E       pydantic_core._pydantic_core.ValidationError: 1 validation error for ModelConfig
E         Value error, Invalid repository ID or local directory specified: 'Qwen/Qwen3.5-0.8B'.
E       Please verify the following requirements:
E       1. Provide a valid Hugging Face repository ID.
E       2. Specify a local directory that contains a recognized configuration file.
E          - For Hugging Face models: ensure the presence of a 'config.json'.
E          - For Mistral models: ensure the presence of a 'params.json'.
E        [type=value_error, input_value=ArgsKwargs((), {'model': ... 'max_model_len': 1024}), input_type=ArgsKwargs]
E           For further information visit https://errors.pydantic.dev/2.13/v/value_error

tests/v1/attention/utils.py:196: ValidationError
_ test_update_block_table_matches_build[spec_decode_with_real_prefill-False-align] _

test_case = GDNBuildTestCase(seq_lens=[100, 20], query_lens=[50, 3], num_decode_draft_tokens=[-1, 2], num_speculative_tokens=2, expected_num_decodes=0, expected_num_prefills=1, expected_num_prefill_tokens=50, expected_num_spec_decodes=1)
full_cuda_graph = False, mamba_cache_mode = 'align'

    @pytest.mark.parametrize("mamba_cache_mode", ["none", "align"])
    @pytest.mark.parametrize("full_cuda_graph", [False, True])
    @pytest.mark.parametrize(
        "test_case", GDN_BUILD_TEST_CASES.values(), ids=GDN_BUILD_TEST_CASES.keys()
    )
    def test_update_block_table_matches_build(
        test_case: GDNBuildTestCase, full_cuda_graph: bool, mamba_cache_mode: str
    ):
        """update_block_table() on another group's metadata matches build()."""
        batch = BatchSpec(seq_lens=test_case.seq_lens, query_lens=test_case.query_lens)
>       src, dst, ref = (
        ^^^^^^^^^^^^^
            _create_gdn_builder(test_case.num_speculative_tokens, full_cuda_graph)
            for _ in range(3)
        )

tests/v1/attention/test_gdn_metadata_builder.py:230: 
_ _ _ _ _ _ _ _ _ _ _ _ _ _ _ _ _ _ _ _ _ _ _ _ _ _ _ _ _ _ _ _ _ _ _ _ _ _ _ _ 
tests/v1/attention/test_gdn_metadata_builder.py:231: in <genexpr>
    _create_gdn_builder(test_case.num_speculative_tokens, full_cuda_graph)
tests/v1/attention/test_gdn_metadata_builder.py:156: in _create_gdn_builder
    vllm_config = create_vllm_config(
_ _ _ _ _ _ _ _ _ _ _ _ _ _ _ _ _ _ _ _ _ _ _ _ _ _ _ _ _ _ _ _ _ _ _ _ _ _ _ _ 

model_name = 'Qwen/Qwen3.5-0.8B', tensor_parallel_size = 1, max_model_len = 1024
dtype = 'auto', num_gpu_blocks = 1000, block_size = 16, max_num_seqs = 256
max_num_batched_tokens = 8192, enable_chunked_prefill = True
add_mock_model_methods = True, hf_config_override = None

    def create_vllm_config(
        model_name: str = "meta-llama/Meta-Llama-3-8B",
        tensor_parallel_size: int = 1,
        max_model_len: int = 1024,
        dtype: ModelDType | torch.dtype = "auto",
        num_gpu_blocks: int = 1000,
        block_size: int = 16,
        max_num_seqs: int = 256,
        max_num_batched_tokens: int = 8192,
        enable_chunked_prefill: bool = True,
        add_mock_model_methods: bool = True,
        hf_config_override: dict | None = None,
    ) -> VllmConfig:
        """Create a VllmConfig for testing with reasonable defaults."""
>       model_config = ModelConfig(
            model=model_name,
            tokenizer=model_name,
            trust_remote_code=False,
            dtype=dtype,
            seed=0,
            max_model_len=max_model_len,
        )
E       pydantic_core._pydantic_core.ValidationError: 1 validation error for ModelConfig
E         Value error, Invalid repository ID or local directory specified: 'Qwen/Qwen3.5-0.8B'.
E       Please verify the following requirements:
E       1. Provide a valid Hugging Face repository ID.
E       2. Specify a local directory that contains a recognized configuration file.
E          - For Hugging Face models: ensure the presence of a 'config.json'.
E          - For Mistral models: ensure the presence of a 'params.json'.
E        [type=value_error, input_value=ArgsKwargs((), {'model': ... 'max_model_len': 1024}), input_type=ArgsKwargs]
E           For further information visit https://errors.pydantic.dev/2.13/v/value_error

tests/v1/attention/utils.py:196: ValidationError
_ test_update_block_table_matches_build[spec_decode_with_real_prefill-True-none] _

test_case = GDNBuildTestCase(seq_lens=[100, 20], query_lens=[50, 3], num_decode_draft_tokens=[-1, 2], num_speculative_tokens=2, expected_num_decodes=0, expected_num_prefills=1, expected_num_prefill_tokens=50, expected_num_spec_decodes=1)
full_cuda_graph = True, mamba_cache_mode = 'none'

    @pytest.mark.parametrize("mamba_cache_mode", ["none", "align"])
    @pytest.mark.parametrize("full_cuda_graph", [False, True])
    @pytest.mark.parametrize(
        "test_case", GDN_BUILD_TEST_CASES.values(), ids=GDN_BUILD_TEST_CASES.keys()
    )
    def test_update_block_table_matches_build(
        test_case: GDNBuildTestCase, full_cuda_graph: bool, mamba_cache_mode: str
    ):
        """update_block_table() on another group's metadata matches build()."""
        batch = BatchSpec(seq_lens=test_case.seq_lens, query_lens=test_case.query_lens)
>       src, dst, ref = (
        ^^^^^^^^^^^^^
            _create_gdn_builder(test_case.num_speculative_tokens, full_cuda_graph)
            for _ in range(3)
        )

tests/v1/attention/test_gdn_metadata_builder.py:230: 
_ _ _ _ _ _ _ _ _ _ _ _ _ _ _ _ _ _ _ _ _ _ _ _ _ _ _ _ _ _ _ _ _ _ _ _ _ _ _ _ 
tests/v1/attention/test_gdn_metadata_builder.py:231: in <genexpr>
    _create_gdn_builder(test_case.num_speculative_tokens, full_cuda_graph)
tests/v1/attention/test_gdn_metadata_builder.py:156: in _create_gdn_builder
    vllm_config = create_vllm_config(
_ _ _ _ _ _ _ _ _ _ _ _ _ _ _ _ _ _ _ _ _ _ _ _ _ _ _ _ _ _ _ _ _ _ _ _ _ _ _ _ 

model_name = 'Qwen/Qwen3.5-0.8B', tensor_parallel_size = 1, max_model_len = 1024
dtype = 'auto', num_gpu_blocks = 1000, block_size = 16, max_num_seqs = 256
max_num_batched_tokens = 8192, enable_chunked_prefill = True
add_mock_model_methods = True, hf_config_override = None

    def create_vllm_config(
        model_name: str = "meta-llama/Meta-Llama-3-8B",
        tensor_parallel_size: int = 1,
        max_model_len: int = 1024,
        dtype: ModelDType | torch.dtype = "auto",
        num_gpu_blocks: int = 1000,
        block_size: int = 16,
        max_num_seqs: int = 256,
        max_num_batched_tokens: int = 8192,
        enable_chunked_prefill: bool = True,
        add_mock_model_methods: bool = True,
        hf_config_override: dict | None = None,
    ) -> VllmConfig:
        """Create a VllmConfig for testing with reasonable defaults."""
>       model_config = ModelConfig(
            model=model_name,
            tokenizer=model_name,
            trust_remote_code=False,
            dtype=dtype,
            seed=0,
            max_model_len=max_model_len,
        )
E       pydantic_core._pydantic_core.ValidationError: 1 validation error for ModelConfig
E         Value error, Invalid repository ID or local directory specified: 'Qwen/Qwen3.5-0.8B'.
E       Please verify the following requirements:
E       1. Provide a valid Hugging Face repository ID.
E       2. Specify a local directory that contains a recognized configuration file.
E          - For Hugging Face models: ensure the presence of a 'config.json'.
E          - For Mistral models: ensure the presence of a 'params.json'.
E        [type=value_error, input_value=ArgsKwargs((), {'model': ... 'max_model_len': 1024}), input_type=ArgsKwargs]
E           For further information visit https://errors.pydantic.dev/2.13/v/value_error

tests/v1/attention/utils.py:196: ValidationError
_ test_update_block_table_matches_build[spec_decode_with_real_prefill-True-align] _

test_case = GDNBuildTestCase(seq_lens=[100, 20], query_lens=[50, 3], num_decode_draft_tokens=[-1, 2], num_speculative_tokens=2, expected_num_decodes=0, expected_num_prefills=1, expected_num_prefill_tokens=50, expected_num_spec_decodes=1)
full_cuda_graph = True, mamba_cache_mode = 'align'

    @pytest.mark.parametrize("mamba_cache_mode", ["none", "align"])
    @pytest.mark.parametrize("full_cuda_graph", [False, True])
    @pytest.mark.parametrize(
        "test_case", GDN_BUILD_TEST_CASES.values(), ids=GDN_BUILD_TEST_CASES.keys()
    )
    def test_update_block_table_matches_build(
        test_case: GDNBuildTestCase, full_cuda_graph: bool, mamba_cache_mode: str
    ):
        """update_block_table() on another group's metadata matches build()."""
        batch = BatchSpec(seq_lens=test_case.seq_lens, query_lens=test_case.query_lens)
>       src, dst, ref = (
        ^^^^^^^^^^^^^
            _create_gdn_builder(test_case.num_speculative_tokens, full_cuda_graph)
            for _ in range(3)
        )

tests/v1/attention/test_gdn_metadata_builder.py:230: 
_ _ _ _ _ _ _ _ _ _ _ _ _ _ _ _ _ _ _ _ _ _ _ _ _ _ _ _ _ _ _ _ _ _ _ _ _ _ _ _ 
tests/v1/attention/test_gdn_metadata_builder.py:231: in <genexpr>
    _create_gdn_builder(test_case.num_speculative_tokens, full_cuda_graph)
tests/v1/attention/test_gdn_metadata_builder.py:156: in _create_gdn_builder
    vllm_config = create_vllm_config(
_ _ _ _ _ _ _ _ _ _ _ _ _ _ _ _ _ _ _ _ _ _ _ _ _ _ _ _ _ _ _ _ _ _ _ _ _ _ _ _ 

model_name = 'Qwen/Qwen3.5-0.8B', tensor_parallel_size = 1, max_model_len = 1024
dtype = 'auto', num_gpu_blocks = 1000, block_size = 16, max_num_seqs = 256
max_num_batched_tokens = 8192, enable_chunked_prefill = True
add_mock_model_methods = True, hf_config_override = None

    def create_vllm_config(
        model_name: str = "meta-llama/Meta-Llama-3-8B",
        tensor_parallel_size: int = 1,
        max_model_len: int = 1024,
        dtype: ModelDType | torch.dtype = "auto",
        num_gpu_blocks: int = 1000,
        block_size: int = 16,
        max_num_seqs: int = 256,
        max_num_batched_tokens: int = 8192,
        enable_chunked_prefill: bool = True,
        add_mock_model_methods: bool = True,
        hf_config_override: dict | None = None,
    ) -> VllmConfig:
        """Create a VllmConfig for testing with reasonable defaults."""
>       model_config = ModelConfig(
            model=model_name,
            tokenizer=model_name,
            trust_remote_code=False,
            dtype=dtype,
            seed=0,
            max_model_len=max_model_len,
        )
E       pydantic_core._pydantic_core.ValidationError: 1 validation error for ModelConfig
E         Value error, Invalid repository ID or local directory specified: 'Qwen/Qwen3.5-0.8B'.
E       Please verify the following requirements:
E       1. Provide a valid Hugging Face repository ID.
E       2. Specify a local directory that contains a recognized configuration file.
E          - For Hugging Face models: ensure the presence of a 'config.json'.
E          - For Mistral models: ensure the presence of a 'params.json'.
E        [type=value_error, input_value=ArgsKwargs((), {'model': ... 'max_model_len': 1024}), input_type=ArgsKwargs]
E           For further information visit https://errors.pydantic.dev/2.13/v/value_error

tests/v1/attention/utils.py:196: ValidationError
_ test_update_block_table_matches_build[prefill_decode_and_spec_decode-False-none] _

test_case = GDNBuildTestCase(seq_lens=[100, 65, 20], query_lens=[50, 1, 3], num_decode_draft_tokens=[-1, -1, 2], num_speculative_tokens=2, expected_num_decodes=0, expected_num_prefills=2, expected_num_prefill_tokens=51, expected_num_spec_decodes=1)
full_cuda_graph = False, mamba_cache_mode = 'none'

    @pytest.mark.parametrize("mamba_cache_mode", ["none", "align"])
    @pytest.mark.parametrize("full_cuda_graph", [False, True])
    @pytest.mark.parametrize(
        "test_case", GDN_BUILD_TEST_CASES.values(), ids=GDN_BUILD_TEST_CASES.keys()
    )
    def test_update_block_table_matches_build(
        test_case: GDNBuildTestCase, full_cuda_graph: bool, mamba_cache_mode: str
    ):
        """update_block_table() on another group's metadata matches build()."""
        batch = BatchSpec(seq_lens=test_case.seq_lens, query_lens=test_case.query_lens)
>       src, dst, ref = (
        ^^^^^^^^^^^^^
            _create_gdn_builder(test_case.num_speculative_tokens, full_cuda_graph)
            for _ in range(3)
        )

tests/v1/attention/test_gdn_metadata_builder.py:230: 
_ _ _ _ _ _ _ _ _ _ _ _ _ _ _ _ _ _ _ _ _ _ _ _ _ _ _ _ _ _ _ _ _ _ _ _ _ _ _ _ 
tests/v1/attention/test_gdn_metadata_builder.py:231: in <genexpr>
    _create_gdn_builder(test_case.num_speculative_tokens, full_cuda_graph)
tests/v1/attention/test_gdn_metadata_builder.py:156: in _create_gdn_builder
    vllm_config = create_vllm_config(
_ _ _ _ _ _ _ _ _ _ _ _ _ _ _ _ _ _ _ _ _ _ _ _ _ _ _ _ _ _ _ _ _ _ _ _ _ _ _ _ 

model_name = 'Qwen/Qwen3.5-0.8B', tensor_parallel_size = 1, max_model_len = 1024
dtype = 'auto', num_gpu_blocks = 1000, block_size = 16, max_num_seqs = 256
max_num_batched_tokens = 8192, enable_chunked_prefill = True
add_mock_model_methods = True, hf_config_override = None

    def create_vllm_config(
        model_name: str = "meta-llama/Meta-Llama-3-8B",
        tensor_parallel_size: int = 1,
        max_model_len: int = 1024,
        dtype: ModelDType | torch.dtype = "auto",
        num_gpu_blocks: int = 1000,
        block_size: int = 16,
        max_num_seqs: int = 256,
        max_num_batched_tokens: int = 8192,
        enable_chunked_prefill: bool = True,
        add_mock_model_methods: bool = True,
        hf_config_override: dict | None = None,
    ) -> VllmConfig:
        """Create a VllmConfig for testing with reasonable defaults."""
>       model_config = ModelConfig(
            model=model_name,
            tokenizer=model_name,
            trust_remote_code=False,
            dtype=dtype,
            seed=0,
            max_model_len=max_model_len,
        )
E       pydantic_core._pydantic_core.ValidationError: 1 validation error for ModelConfig
E         Value error, Invalid repository ID or local directory specified: 'Qwen/Qwen3.5-0.8B'.
E       Please verify the following requirements:
E       1. Provide a valid Hugging Face repository ID.
E       2. Specify a local directory that contains a recognized configuration file.
E          - For Hugging Face models: ensure the presence of a 'config.json'.
E          - For Mistral models: ensure the presence of a 'params.json'.
E        [type=value_error, input_value=ArgsKwargs((), {'model': ... 'max_model_len': 1024}), input_type=ArgsKwargs]
E           For further information visit https://errors.pydantic.dev/2.13/v/value_error

tests/v1/attention/utils.py:196: ValidationError
_ test_update_block_table_matches_build[prefill_decode_and_spec_decode-False-align] _

test_case = GDNBuildTestCase(seq_lens=[100, 65, 20], query_lens=[50, 1, 3], num_decode_draft_tokens=[-1, -1, 2], num_speculative_tokens=2, expected_num_decodes=0, expected_num_prefills=2, expected_num_prefill_tokens=51, expected_num_spec_decodes=1)
full_cuda_graph = False, mamba_cache_mode = 'align'

    @pytest.mark.parametrize("mamba_cache_mode", ["none", "align"])
    @pytest.mark.parametrize("full_cuda_graph", [False, True])
    @pytest.mark.parametrize(
        "test_case", GDN_BUILD_TEST_CASES.values(), ids=GDN_BUILD_TEST_CASES.keys()
    )
    def test_update_block_table_matches_build(
        test_case: GDNBuildTestCase, full_cuda_graph: bool, mamba_cache_mode: str
    ):
        """update_block_table() on another group's metadata matches build()."""
        batch = BatchSpec(seq_lens=test_case.seq_lens, query_lens=test_case.query_lens)
>       src, dst, ref = (
        ^^^^^^^^^^^^^
            _create_gdn_builder(test_case.num_speculative_tokens, full_cuda_graph)
            for _ in range(3)
        )

tests/v1/attention/test_gdn_metadata_builder.py:230: 
_ _ _ _ _ _ _ _ _ _ _ _ _ _ _ _ _ _ _ _ _ _ _ _ _ _ _ _ _ _ _ _ _ _ _ _ _ _ _ _ 
tests/v1/attention/test_gdn_metadata_builder.py:231: in <genexpr>
    _create_gdn_builder(test_case.num_speculative_tokens, full_cuda_graph)
tests/v1/attention/test_gdn_metadata_builder.py:156: in _create_gdn_builder
    vllm_config = create_vllm_config(
_ _ _ _ _ _ _ _ _ _ _ _ _ _ _ _ _ _ _ _ _ _ _ _ _ _ _ _ _ _ _ _ _ _ _ _ _ _ _ _ 

model_name = 'Qwen/Qwen3.5-0.8B', tensor_parallel_size = 1, max_model_len = 1024
dtype = 'auto', num_gpu_blocks = 1000, block_size = 16, max_num_seqs = 256
max_num_batched_tokens = 8192, enable_chunked_prefill = True
add_mock_model_methods = True, hf_config_override = None

    def create_vllm_config(
        model_name: str = "meta-llama/Meta-Llama-3-8B",
        tensor_parallel_size: int = 1,
        max_model_len: int = 1024,
        dtype: ModelDType | torch.dtype = "auto",
        num_gpu_blocks: int = 1000,
        block_size: int = 16,
        max_num_seqs: int = 256,
        max_num_batched_tokens: int = 8192,
        enable_chunked_prefill: bool = True,
        add_mock_model_methods: bool = True,
        hf_config_override: dict | None = None,
    ) -> VllmConfig:
        """Create a VllmConfig for testing with reasonable defaults."""
>       model_config = ModelConfig(
            model=model_name,
            tokenizer=model_name,
            trust_remote_code=False,
            dtype=dtype,
            seed=0,
            max_model_len=max_model_len,
        )
E       pydantic_core._pydantic_core.ValidationError: 1 validation error for ModelConfig
E         Value error, Invalid repository ID or local directory specified: 'Qwen/Qwen3.5-0.8B'.
E       Please verify the following requirements:
E       1. Provide a valid Hugging Face repository ID.
E       2. Specify a local directory that contains a recognized configuration file.
E          - For Hugging Face models: ensure the presence of a 'config.json'.
E          - For Mistral models: ensure the presence of a 'params.json'.
E        [type=value_error, input_value=ArgsKwargs((), {'model': ... 'max_model_len': 1024}), input_type=ArgsKwargs]
E           For further information visit https://errors.pydantic.dev/2.13/v/value_error

tests/v1/attention/utils.py:196: ValidationError
_ test_update_block_table_matches_build[prefill_decode_and_spec_decode-True-none] _

test_case = GDNBuildTestCase(seq_lens=[100, 65, 20], query_lens=[50, 1, 3], num_decode_draft_tokens=[-1, -1, 2], num_speculative_tokens=2, expected_num_decodes=0, expected_num_prefills=2, expected_num_prefill_tokens=51, expected_num_spec_decodes=1)
full_cuda_graph = True, mamba_cache_mode = 'none'

    @pytest.mark.parametrize("mamba_cache_mode", ["none", "align"])
    @pytest.mark.parametrize("full_cuda_graph", [False, True])
    @pytest.mark.parametrize(
        "test_case", GDN_BUILD_TEST_CASES.values(), ids=GDN_BUILD_TEST_CASES.keys()
    )
    def test_update_block_table_matches_build(
        test_case: GDNBuildTestCase, full_cuda_graph: bool, mamba_cache_mode: str
    ):
        """update_block_table() on another group's metadata matches build()."""
        batch = BatchSpec(seq_lens=test_case.seq_lens, query_lens=test_case.query_lens)
>       src, dst, ref = (
        ^^^^^^^^^^^^^
            _create_gdn_builder(test_case.num_speculative_tokens, full_cuda_graph)
            for _ in range(3)
        )

tests/v1/attention/test_gdn_metadata_builder.py:230: 
_ _ _ _ _ _ _ _ _ _ _ _ _ _ _ _ _ _ _ _ _ _ _ _ _ _ _ _ _ _ _ _ _ _ _ _ _ _ _ _ 
tests/v1/attention/test_gdn_metadata_builder.py:231: in <genexpr>
    _create_gdn_builder(test_case.num_speculative_tokens, full_cuda_graph)
tests/v1/attention/test_gdn_metadata_builder.py:156: in _create_gdn_builder
    vllm_config = create_vllm_config(
_ _ _ _ _ _ _ _ _ _ _ _ _ _ _ _ _ _ _ _ _ _ _ _ _ _ _ _ _ _ _ _ _ _ _ _ _ _ _ _ 

model_name = 'Qwen/Qwen3.5-0.8B', tensor_parallel_size = 1, max_model_len = 1024
dtype = 'auto', num_gpu_blocks = 1000, block_size = 16, max_num_seqs = 256
max_num_batched_tokens = 8192, enable_chunked_prefill = True
add_mock_model_methods = True, hf_config_override = None

    def create_vllm_config(
        model_name: str = "meta-llama/Meta-Llama-3-8B",
        tensor_parallel_size: int = 1,
        max_model_len: int = 1024,
        dtype: ModelDType | torch.dtype = "auto",
        num_gpu_blocks: int = 1000,
        block_size: int = 16,
        max_num_seqs: int = 256,
        max_num_batched_tokens: int = 8192,
        enable_chunked_prefill: bool = True,
        add_mock_model_methods: bool = True,
        hf_config_override: dict | None = None,
    ) -> VllmConfig:
        """Create a VllmConfig for testing with reasonable defaults."""
>       model_config = ModelConfig(
            model=model_name,
            tokenizer=model_name,
            trust_remote_code=False,
            dtype=dtype,
            seed=0,
            max_model_len=max_model_len,
        )
E       pydantic_core._pydantic_core.ValidationError: 1 validation error for ModelConfig
E         Value error, Invalid repository ID or local directory specified: 'Qwen/Qwen3.5-0.8B'.
E       Please verify the following requirements:
E       1. Provide a valid Hugging Face repository ID.
E       2. Specify a local directory that contains a recognized configuration file.
E          - For Hugging Face models: ensure the presence of a 'config.json'.
E          - For Mistral models: ensure the presence of a 'params.json'.
E        [type=value_error, input_value=ArgsKwargs((), {'model': ... 'max_model_len': 1024}), input_type=ArgsKwargs]
E           For further information visit https://errors.pydantic.dev/2.13/v/value_error

tests/v1/attention/utils.py:196: ValidationError
_ test_update_block_table_matches_build[prefill_decode_and_spec_decode-True-align] _

test_case = GDNBuildTestCase(seq_lens=[100, 65, 20], query_lens=[50, 1, 3], num_decode_draft_tokens=[-1, -1, 2], num_speculative_tokens=2, expected_num_decodes=0, expected_num_prefills=2, expected_num_prefill_tokens=51, expected_num_spec_decodes=1)
full_cuda_graph = True, mamba_cache_mode = 'align'

    @pytest.mark.parametrize("mamba_cache_mode", ["none", "align"])
    @pytest.mark.parametrize("full_cuda_graph", [False, True])
    @pytest.mark.parametrize(
        "test_case", GDN_BUILD_TEST_CASES.values(), ids=GDN_BUILD_TEST_CASES.keys()
    )
    def test_update_block_table_matches_build(
        test_case: GDNBuildTestCase, full_cuda_graph: bool, mamba_cache_mode: str
    ):
        """update_block_table() on another group's metadata matches build()."""
        batch = BatchSpec(seq_lens=test_case.seq_lens, query_lens=test_case.query_lens)
>       src, dst, ref = (
        ^^^^^^^^^^^^^
            _create_gdn_builder(test_case.num_speculative_tokens, full_cuda_graph)
            for _ in range(3)
        )

tests/v1/attention/test_gdn_metadata_builder.py:230: 
_ _ _ _ _ _ _ _ _ _ _ _ _ _ _ _ _ _ _ _ _ _ _ _ _ _ _ _ _ _ _ _ _ _ _ _ _ _ _ _ 
tests/v1/attention/test_gdn_metadata_builder.py:231: in <genexpr>
    _create_gdn_builder(test_case.num_speculative_tokens, full_cuda_graph)
tests/v1/attention/test_gdn_metadata_builder.py:156: in _create_gdn_builder
    vllm_config = create_vllm_config(
_ _ _ _ _ _ _ _ _ _ _ _ _ _ _ _ _ _ _ _ _ _ _ _ _ _ _ _ _ _ _ _ _ _ _ _ _ _ _ _ 

model_name = 'Qwen/Qwen3.5-0.8B', tensor_parallel_size = 1, max_model_len = 1024
dtype = 'auto', num_gpu_blocks = 1000, block_size = 16, max_num_seqs = 256
max_num_batched_tokens = 8192, enable_chunked_prefill = True
add_mock_model_methods = True, hf_config_override = None

    def create_vllm_config(
        model_name: str = "meta-llama/Meta-Llama-3-8B",
        tensor_parallel_size: int = 1,
        max_model_len: int = 1024,
        dtype: ModelDType | torch.dtype = "auto",
        num_gpu_blocks: int = 1000,
        block_size: int = 16,
        max_num_seqs: int = 256,
        max_num_batched_tokens: int = 8192,
        enable_chunked_prefill: bool = True,
        add_mock_model_methods: bool = True,
        hf_config_override: dict | None = None,
    ) -> VllmConfig:
        """Create a VllmConfig for testing with reasonable defaults."""
>       model_config = ModelConfig(
            model=model_name,
            tokenizer=model_name,
            trust_remote_code=False,
            dtype=dtype,
            seed=0,
            max_model_len=max_model_len,
        )
E       pydantic_core._pydantic_core.ValidationError: 1 validation error for ModelConfig
E         Value error, Invalid repository ID or local directory specified: 'Qwen/Qwen3.5-0.8B'.
E       Please verify the following requirements:
E       1. Provide a valid Hugging Face repository ID.
E       2. Specify a local directory that contains a recognized configuration file.
E          - For Hugging Face models: ensure the presence of a 'config.json'.
E          - For Mistral models: ensure the presence of a 'params.json'.
E        [type=value_error, input_value=ArgsKwargs((), {'model': ... 'max_model_len': 1024}), input_type=ArgsKwargs]
E           For further information visit https://errors.pydantic.dev/2.13/v/value_error

tests/v1/attention/utils.py:196: ValidationError
_ test_update_block_table_matches_build[multiple_decodes_reclassified-False-none] _

test_case = GDNBuildTestCase(seq_lens=[40, 50, 60, 20], query_lens=[1, 1, 1, 3], num_decode_draft_tokens=[-1, -1, -1, 2], num_spec..._tokens=2, expected_num_decodes=0, expected_num_prefills=3, expected_num_prefill_tokens=3, expected_num_spec_decodes=1)
full_cuda_graph = False, mamba_cache_mode = 'none'

    @pytest.mark.parametrize("mamba_cache_mode", ["none", "align"])
    @pytest.mark.parametrize("full_cuda_graph", [False, True])
    @pytest.mark.parametrize(
        "test_case", GDN_BUILD_TEST_CASES.values(), ids=GDN_BUILD_TEST_CASES.keys()
    )
    def test_update_block_table_matches_build(
        test_case: GDNBuildTestCase, full_cuda_graph: bool, mamba_cache_mode: str
    ):
        """update_block_table() on another group's metadata matches build()."""
        batch = BatchSpec(seq_lens=test_case.seq_lens, query_lens=test_case.query_lens)
>       src, dst, ref = (
        ^^^^^^^^^^^^^
            _create_gdn_builder(test_case.num_speculative_tokens, full_cuda_graph)
            for _ in range(3)
        )

tests/v1/attention/test_gdn_metadata_builder.py:230: 
_ _ _ _ _ _ _ _ _ _ _ _ _ _ _ _ _ _ _ _ _ _ _ _ _ _ _ _ _ _ _ _ _ _ _ _ _ _ _ _ 
tests/v1/attention/test_gdn_metadata_builder.py:231: in <genexpr>
    _create_gdn_builder(test_case.num_speculative_tokens, full_cuda_graph)
tests/v1/attention/test_gdn_metadata_builder.py:156: in _create_gdn_builder
    vllm_config = create_vllm_config(
_ _ _ _ _ _ _ _ _ _ _ _ _ _ _ _ _ _ _ _ _ _ _ _ _ _ _ _ _ _ _ _ _ _ _ _ _ _ _ _ 

model_name = 'Qwen/Qwen3.5-0.8B', tensor_parallel_size = 1, max_model_len = 1024
dtype = 'auto', num_gpu_blocks = 1000, block_size = 16, max_num_seqs = 256
max_num_batched_tokens = 8192, enable_chunked_prefill = True
add_mock_model_methods = True, hf_config_override = None

    def create_vllm_config(
        model_name: str = "meta-llama/Meta-Llama-3-8B",
        tensor_parallel_size: int = 1,
        max_model_len: int = 1024,
        dtype: ModelDType | torch.dtype = "auto",
        num_gpu_blocks: int = 1000,
        block_size: int = 16,
        max_num_seqs: int = 256,
        max_num_batched_tokens: int = 8192,
        enable_chunked_prefill: bool = True,
        add_mock_model_methods: bool = True,
        hf_config_override: dict | None = None,
    ) -> VllmConfig:
        """Create a VllmConfig for testing with reasonable defaults."""
>       model_config = ModelConfig(
            model=model_name,
            tokenizer=model_name,
            trust_remote_code=False,
            dtype=dtype,
            seed=0,
            max_model_len=max_model_len,
        )
E       pydantic_core._pydantic_core.ValidationError: 1 validation error for ModelConfig
E         Value error, Invalid repository ID or local directory specified: 'Qwen/Qwen3.5-0.8B'.
E       Please verify the following requirements:
E       1. Provide a valid Hugging Face repository ID.
E       2. Specify a local directory that contains a recognized configuration file.
E          - For Hugging Face models: ensure the presence of a 'config.json'.
E          - For Mistral models: ensure the presence of a 'params.json'.
E        [type=value_error, input_value=ArgsKwargs((), {'model': ... 'max_model_len': 1024}), input_type=ArgsKwargs]
E           For further information visit https://errors.pydantic.dev/2.13/v/value_error

tests/v1/attention/utils.py:196: ValidationError
_ test_update_block_table_matches_build[multiple_decodes_reclassified-False-align] _

test_case = GDNBuildTestCase(seq_lens=[40, 50, 60, 20], query_lens=[1, 1, 1, 3], num_decode_draft_tokens=[-1, -1, -1, 2], num_spec..._tokens=2, expected_num_decodes=0, expected_num_prefills=3, expected_num_prefill_tokens=3, expected_num_spec_decodes=1)
full_cuda_graph = False, mamba_cache_mode = 'align'

    @pytest.mark.parametrize("mamba_cache_mode", ["none", "align"])
    @pytest.mark.parametrize("full_cuda_graph", [False, True])
    @pytest.mark.parametrize(
        "test_case", GDN_BUILD_TEST_CASES.values(), ids=GDN_BUILD_TEST_CASES.keys()
    )
    def test_update_block_table_matches_build(
        test_case: GDNBuildTestCase, full_cuda_graph: bool, mamba_cache_mode: str
    ):
        """update_block_table() on another group's metadata matches build()."""
        batch = BatchSpec(seq_lens=test_case.seq_lens, query_lens=test_case.query_lens)
>       src, dst, ref = (
        ^^^^^^^^^^^^^
            _create_gdn_builder(test_case.num_speculative_tokens, full_cuda_graph)
            for _ in range(3)
        )

tests/v1/attention/test_gdn_metadata_builder.py:230: 
_ _ _ _ _ _ _ _ _ _ _ _ _ _ _ _ _ _ _ _ _ _ _ _ _ _ _ _ _ _ _ _ _ _ _ _ _ _ _ _ 
tests/v1/attention/test_gdn_metadata_builder.py:231: in <genexpr>
    _create_gdn_builder(test_case.num_speculative_tokens, full_cuda_graph)
tests/v1/attention/test_gdn_metadata_builder.py:156: in _create_gdn_builder
    vllm_config = create_vllm_config(
_ _ _ _ _ _ _ _ _ _ _ _ _ _ _ _ _ _ _ _ _ _ _ _ _ _ _ _ _ _ _ _ _ _ _ _ _ _ _ _ 

model_name = 'Qwen/Qwen3.5-0.8B', tensor_parallel_size = 1, max_model_len = 1024
dtype = 'auto', num_gpu_blocks = 1000, block_size = 16, max_num_seqs = 256
max_num_batched_tokens = 8192, enable_chunked_prefill = True
add_mock_model_methods = True, hf_config_override = None

    def create_vllm_config(
        model_name: str = "meta-llama/Meta-Llama-3-8B",
        tensor_parallel_size: int = 1,
        max_model_len: int = 1024,
        dtype: ModelDType | torch.dtype = "auto",
        num_gpu_blocks: int = 1000,
        block_size: int = 16,
        max_num_seqs: int = 256,
        max_num_batched_tokens: int = 8192,
        enable_chunked_prefill: bool = True,
        add_mock_model_methods: bool = True,
        hf_config_override: dict | None = None,
    ) -> VllmConfig:
        """Create a VllmConfig for testing with reasonable defaults."""
>       model_config = ModelConfig(
            model=model_name,
            tokenizer=model_name,
            trust_remote_code=False,
            dtype=dtype,
            seed=0,
            max_model_len=max_model_len,
        )
E       pydantic_core._pydantic_core.ValidationError: 1 validation error for ModelConfig
E         Value error, Invalid repository ID or local directory specified: 'Qwen/Qwen3.5-0.8B'.
E       Please verify the following requirements:
E       1. Provide a valid Hugging Face repository ID.
E       2. Specify a local directory that contains a recognized configuration file.
E          - For Hugging Face models: ensure the presence of a 'config.json'.
E          - For Mistral models: ensure the presence of a 'params.json'.
E        [type=value_error, input_value=ArgsKwargs((), {'model': ... 'max_model_len': 1024}), input_type=ArgsKwargs]
E           For further information visit https://errors.pydantic.dev/2.13/v/value_error

tests/v1/attention/utils.py:196: ValidationError
_ test_update_block_table_matches_build[multiple_decodes_reclassified-True-none] _

test_case = GDNBuildTestCase(seq_lens=[40, 50, 60, 20], query_lens=[1, 1, 1, 3], num_decode_draft_tokens=[-1, -1, -1, 2], num_spec..._tokens=2, expected_num_decodes=0, expected_num_prefills=3, expected_num_prefill_tokens=3, expected_num_spec_decodes=1)
full_cuda_graph = True, mamba_cache_mode = 'none'

    @pytest.mark.parametrize("mamba_cache_mode", ["none", "align"])
    @pytest.mark.parametrize("full_cuda_graph", [False, True])
    @pytest.mark.parametrize(
        "test_case", GDN_BUILD_TEST_CASES.values(), ids=GDN_BUILD_TEST_CASES.keys()
    )
    def test_update_block_table_matches_build(
        test_case: GDNBuildTestCase, full_cuda_graph: bool, mamba_cache_mode: str
    ):
        """update_block_table() on another group's metadata matches build()."""
        batch = BatchSpec(seq_lens=test_case.seq_lens, query_lens=test_case.query_lens)
>       src, dst, ref = (
        ^^^^^^^^^^^^^
            _create_gdn_builder(test_case.num_speculative_tokens, full_cuda_graph)
            for _ in range(3)
        )

tests/v1/attention/test_gdn_metadata_builder.py:230: 
_ _ _ _ _ _ _ _ _ _ _ _ _ _ _ _ _ _ _ _ _ _ _ _ _ _ _ _ _ _ _ _ _ _ _ _ _ _ _ _ 
tests/v1/attention/test_gdn_metadata_builder.py:231: in <genexpr>
    _create_gdn_builder(test_case.num_speculative_tokens, full_cuda_graph)
tests/v1/attention/test_gdn_metadata_builder.py:156: in _create_gdn_builder
    vllm_config = create_vllm_config(
_ _ _ _ _ _ _ _ _ _ _ _ _ _ _ _ _ _ _ _ _ _ _ _ _ _ _ _ _ _ _ _ _ _ _ _ _ _ _ _ 

model_name = 'Qwen/Qwen3.5-0.8B', tensor_parallel_size = 1, max_model_len = 1024
dtype = 'auto', num_gpu_blocks = 1000, block_size = 16, max_num_seqs = 256
max_num_batched_tokens = 8192, enable_chunked_prefill = True
add_mock_model_methods = True, hf_config_override = None

    def create_vllm_config(
        model_name: str = "meta-llama/Meta-Llama-3-8B",
        tensor_parallel_size: int = 1,
        max_model_len: int = 1024,
        dtype: ModelDType | torch.dtype = "auto",
        num_gpu_blocks: int = 1000,
        block_size: int = 16,
        max_num_seqs: int = 256,
        max_num_batched_tokens: int = 8192,
        enable_chunked_prefill: bool = True,
        add_mock_model_methods: bool = True,
        hf_config_override: dict | None = None,
    ) -> VllmConfig:
        """Create a VllmConfig for testing with reasonable defaults."""
>       model_config = ModelConfig(
            model=model_name,
            tokenizer=model_name,
            trust_remote_code=False,
            dtype=dtype,
            seed=0,
            max_model_len=max_model_len,
        )
E       pydantic_core._pydantic_core.ValidationError: 1 validation error for ModelConfig
E         Value error, Invalid repository ID or local directory specified: 'Qwen/Qwen3.5-0.8B'.
E       Please verify the following requirements:
E       1. Provide a valid Hugging Face repository ID.
E       2. Specify a local directory that contains a recognized configuration file.
E          - For Hugging Face models: ensure the presence of a 'config.json'.
E          - For Mistral models: ensure the presence of a 'params.json'.
E        [type=value_error, input_value=ArgsKwargs((), {'model': ... 'max_model_len': 1024}), input_type=ArgsKwargs]
E           For further information visit https://errors.pydantic.dev/2.13/v/value_error

tests/v1/attention/utils.py:196: ValidationError
_ test_update_block_table_matches_build[multiple_decodes_reclassified-True-align] _

test_case = GDNBuildTestCase(seq_lens=[40, 50, 60, 20], query_lens=[1, 1, 1, 3], num_decode_draft_tokens=[-1, -1, -1, 2], num_spec..._tokens=2, expected_num_decodes=0, expected_num_prefills=3, expected_num_prefill_tokens=3, expected_num_spec_decodes=1)
full_cuda_graph = True, mamba_cache_mode = 'align'

    @pytest.mark.parametrize("mamba_cache_mode", ["none", "align"])
    @pytest.mark.parametrize("full_cuda_graph", [False, True])
    @pytest.mark.parametrize(
        "test_case", GDN_BUILD_TEST_CASES.values(), ids=GDN_BUILD_TEST_CASES.keys()
    )
    def test_update_block_table_matches_build(
        test_case: GDNBuildTestCase, full_cuda_graph: bool, mamba_cache_mode: str
    ):
        """update_block_table() on another group's metadata matches build()."""
        batch = BatchSpec(seq_lens=test_case.seq_lens, query_lens=test_case.query_lens)
>       src, dst, ref = (
        ^^^^^^^^^^^^^
            _create_gdn_builder(test_case.num_speculative_tokens, full_cuda_graph)
            for _ in range(3)
        )

tests/v1/attention/test_gdn_metadata_builder.py:230: 
_ _ _ _ _ _ _ _ _ _ _ _ _ _ _ _ _ _ _ _ _ _ _ _ _ _ _ _ _ _ _ _ _ _ _ _ _ _ _ _ 
tests/v1/attention/test_gdn_metadata_builder.py:231: in <genexpr>
    _create_gdn_builder(test_case.num_speculative_tokens, full_cuda_graph)
tests/v1/attention/test_gdn_metadata_builder.py:156: in _create_gdn_builder
    vllm_config = create_vllm_config(
_ _ _ _ _ _ _ _ _ _ _ _ _ _ _ _ _ _ _ _ _ _ _ _ _ _ _ _ _ _ _ _ _ _ _ _ _ _ _ _ 

model_name = 'Qwen/Qwen3.5-0.8B', tensor_parallel_size = 1, max_model_len = 1024
dtype = 'auto', num_gpu_blocks = 1000, block_size = 16, max_num_seqs = 256
max_num_batched_tokens = 8192, enable_chunked_prefill = True
add_mock_model_methods = True, hf_config_override = None

    def create_vllm_config(
        model_name: str = "meta-llama/Meta-Llama-3-8B",
        tensor_parallel_size: int = 1,
        max_model_len: int = 1024,
        dtype: ModelDType | torch.dtype = "auto",
        num_gpu_blocks: int = 1000,
        block_size: int = 16,
        max_num_seqs: int = 256,
        max_num_batched_tokens: int = 8192,
        enable_chunked_prefill: bool = True,
        add_mock_model_methods: bool = True,
        hf_config_override: dict | None = None,
    ) -> VllmConfig:
        """Create a VllmConfig for testing with reasonable defaults."""
>       model_config = ModelConfig(
            model=model_name,
            tokenizer=model_name,
            trust_remote_code=False,
            dtype=dtype,
            seed=0,
            max_model_len=max_model_len,
        )
E       pydantic_core._pydantic_core.ValidationError: 1 validation error for ModelConfig
E         Value error, Invalid repository ID or local directory specified: 'Qwen/Qwen3.5-0.8B'.
E       Please verify the following requirements:
E       1. Provide a valid Hugging Face repository ID.
E       2. Specify a local directory that contains a recognized configuration file.
E          - For Hugging Face models: ensure the presence of a 'config.json'.
E          - For Mistral models: ensure the presence of a 'params.json'.
E        [type=value_error, input_value=ArgsKwargs((), {'model': ... 'max_model_len': 1024}), input_type=ArgsKwargs]
E           For further information visit https://errors.pydantic.dev/2.13/v/value_error

tests/v1/attention/utils.py:196: ValidationError
_ test_update_block_table_matches_build[zero_length_padding_with_spec-False-none] _

test_case = GDNBuildTestCase(seq_lens=[16, 65, 20], query_lens=[0, 1, 3], num_decode_draft_tokens=[-1, -1, 2], num_speculative_tokens=2, expected_num_decodes=0, expected_num_prefills=1, expected_num_prefill_tokens=1, expected_num_spec_decodes=1)
full_cuda_graph = False, mamba_cache_mode = 'none'

    @pytest.mark.parametrize("mamba_cache_mode", ["none", "align"])
    @pytest.mark.parametrize("full_cuda_graph", [False, True])
    @pytest.mark.parametrize(
        "test_case", GDN_BUILD_TEST_CASES.values(), ids=GDN_BUILD_TEST_CASES.keys()
    )
    def test_update_block_table_matches_build(
        test_case: GDNBuildTestCase, full_cuda_graph: bool, mamba_cache_mode: str
    ):
        """update_block_table() on another group's metadata matches build()."""
        batch = BatchSpec(seq_lens=test_case.seq_lens, query_lens=test_case.query_lens)
>       src, dst, ref = (
        ^^^^^^^^^^^^^
            _create_gdn_builder(test_case.num_speculative_tokens, full_cuda_graph)
            for _ in range(3)
        )

tests/v1/attention/test_gdn_metadata_builder.py:230: 
_ _ _ _ _ _ _ _ _ _ _ _ _ _ _ _ _ _ _ _ _ _ _ _ _ _ _ _ _ _ _ _ _ _ _ _ _ _ _ _ 
tests/v1/attention/test_gdn_metadata_builder.py:231: in <genexpr>
    _create_gdn_builder(test_case.num_speculative_tokens, full_cuda_graph)
tests/v1/attention/test_gdn_metadata_builder.py:156: in _create_gdn_builder
    vllm_config = create_vllm_config(
_ _ _ _ _ _ _ _ _ _ _ _ _ _ _ _ _ _ _ _ _ _ _ _ _ _ _ _ _ _ _ _ _ _ _ _ _ _ _ _ 

model_name = 'Qwen/Qwen3.5-0.8B', tensor_parallel_size = 1, max_model_len = 1024
dtype = 'auto', num_gpu_blocks = 1000, block_size = 16, max_num_seqs = 256
max_num_batched_tokens = 8192, enable_chunked_prefill = True
add_mock_model_methods = True, hf_config_override = None

    def create_vllm_config(
        model_name: str = "meta-llama/Meta-Llama-3-8B",
        tensor_parallel_size: int = 1,
        max_model_len: int = 1024,
        dtype: ModelDType | torch.dtype = "auto",
        num_gpu_blocks: int = 1000,
        block_size: int = 16,
        max_num_seqs: int = 256,
        max_num_batched_tokens: int = 8192,
        enable_chunked_prefill: bool = True,
        add_mock_model_methods: bool = True,
        hf_config_override: dict | None = None,
    ) -> VllmConfig:
        """Create a VllmConfig for testing with reasonable defaults."""
>       model_config = ModelConfig(
            model=model_name,
            tokenizer=model_name,
            trust_remote_code=False,
            dtype=dtype,
            seed=0,
            max_model_len=max_model_len,
        )
E       pydantic_core._pydantic_core.ValidationError: 1 validation error for ModelConfig
E         Value error, Invalid repository ID or local directory specified: 'Qwen/Qwen3.5-0.8B'.
E       Please verify the following requirements:
E       1. Provide a valid Hugging Face repository ID.
E       2. Specify a local directory that contains a recognized configuration file.
E          - For Hugging Face models: ensure the presence of a 'config.json'.
E          - For Mistral models: ensure the presence of a 'params.json'.
E        [type=value_error, input_value=ArgsKwargs((), {'model': ... 'max_model_len': 1024}), input_type=ArgsKwargs]
E           For further information visit https://errors.pydantic.dev/2.13/v/value_error

tests/v1/attention/utils.py:196: ValidationError
_ test_update_block_table_matches_build[zero_length_padding_with_spec-False-align] _

test_case = GDNBuildTestCase(seq_lens=[16, 65, 20], query_lens=[0, 1, 3], num_decode_draft_tokens=[-1, -1, 2], num_speculative_tokens=2, expected_num_decodes=0, expected_num_prefills=1, expected_num_prefill_tokens=1, expected_num_spec_decodes=1)
full_cuda_graph = False, mamba_cache_mode = 'align'

    @pytest.mark.parametrize("mamba_cache_mode", ["none", "align"])
    @pytest.mark.parametrize("full_cuda_graph", [False, True])
    @pytest.mark.parametrize(
        "test_case", GDN_BUILD_TEST_CASES.values(), ids=GDN_BUILD_TEST_CASES.keys()
    )
    def test_update_block_table_matches_build(
        test_case: GDNBuildTestCase, full_cuda_graph: bool, mamba_cache_mode: str
    ):
        """update_block_table() on another group's metadata matches build()."""
        batch = BatchSpec(seq_lens=test_case.seq_lens, query_lens=test_case.query_lens)
>       src, dst, ref = (
        ^^^^^^^^^^^^^
            _create_gdn_builder(test_case.num_speculative_tokens, full_cuda_graph)
            for _ in range(3)
        )

tests/v1/attention/test_gdn_metadata_builder.py:230: 
_ _ _ _ _ _ _ _ _ _ _ _ _ _ _ _ _ _ _ _ _ _ _ _ _ _ _ _ _ _ _ _ _ _ _ _ _ _ _ _ 
tests/v1/attention/test_gdn_metadata_builder.py:231: in <genexpr>
    _create_gdn_builder(test_case.num_speculative_tokens, full_cuda_graph)
tests/v1/attention/test_gdn_metadata_builder.py:156: in _create_gdn_builder
    vllm_config = create_vllm_config(
_ _ _ _ _ _ _ _ _ _ _ _ _ _ _ _ _ _ _ _ _ _ _ _ _ _ _ _ _ _ _ _ _ _ _ _ _ _ _ _ 

model_name = 'Qwen/Qwen3.5-0.8B', tensor_parallel_size = 1, max_model_len = 1024
dtype = 'auto', num_gpu_blocks = 1000, block_size = 16, max_num_seqs = 256
max_num_batched_tokens = 8192, enable_chunked_prefill = True
add_mock_model_methods = True, hf_config_override = None

    def create_vllm_config(
        model_name: str = "meta-llama/Meta-Llama-3-8B",
        tensor_parallel_size: int = 1,
        max_model_len: int = 1024,
        dtype: ModelDType | torch.dtype = "auto",
        num_gpu_blocks: int = 1000,
        block_size: int = 16,
        max_num_seqs: int = 256,
        max_num_batched_tokens: int = 8192,
        enable_chunked_prefill: bool = True,
        add_mock_model_methods: bool = True,
        hf_config_override: dict | None = None,
    ) -> VllmConfig:
        """Create a VllmConfig for testing with reasonable defaults."""
>       model_config = ModelConfig(
            model=model_name,
            tokenizer=model_name,
            trust_remote_code=False,
            dtype=dtype,
            seed=0,
            max_model_len=max_model_len,
        )
E       pydantic_core._pydantic_core.ValidationError: 1 validation error for ModelConfig
E         Value error, Invalid repository ID or local directory specified: 'Qwen/Qwen3.5-0.8B'.
E       Please verify the following requirements:
E       1. Provide a valid Hugging Face repository ID.
E       2. Specify a local directory that contains a recognized configuration file.
E          - For Hugging Face models: ensure the presence of a 'config.json'.
E          - For Mistral models: ensure the presence of a 'params.json'.
E        [type=value_error, input_value=ArgsKwargs((), {'model': ... 'max_model_len': 1024}), input_type=ArgsKwargs]
E           For further information visit https://errors.pydantic.dev/2.13/v/value_error

tests/v1/attention/utils.py:196: ValidationError
_ test_update_block_table_matches_build[zero_length_padding_with_spec-True-none] _

test_case = GDNBuildTestCase(seq_lens=[16, 65, 20], query_lens=[0, 1, 3], num_decode_draft_tokens=[-1, -1, 2], num_speculative_tokens=2, expected_num_decodes=0, expected_num_prefills=1, expected_num_prefill_tokens=1, expected_num_spec_decodes=1)
full_cuda_graph = True, mamba_cache_mode = 'none'

    @pytest.mark.parametrize("mamba_cache_mode", ["none", "align"])
    @pytest.mark.parametrize("full_cuda_graph", [False, True])
    @pytest.mark.parametrize(
        "test_case", GDN_BUILD_TEST_CASES.values(), ids=GDN_BUILD_TEST_CASES.keys()
    )
    def test_update_block_table_matches_build(
        test_case: GDNBuildTestCase, full_cuda_graph: bool, mamba_cache_mode: str
    ):
        """update_block_table() on another group's metadata matches build()."""
        batch = BatchSpec(seq_lens=test_case.seq_lens, query_lens=test_case.query_lens)
>       src, dst, ref = (
        ^^^^^^^^^^^^^
            _create_gdn_builder(test_case.num_speculative_tokens, full_cuda_graph)
            for _ in range(3)
        )

tests/v1/attention/test_gdn_metadata_builder.py:230: 
_ _ _ _ _ _ _ _ _ _ _ _ _ _ _ _ _ _ _ _ _ _ _ _ _ _ _ _ _ _ _ _ _ _ _ _ _ _ _ _ 
tests/v1/attention/test_gdn_metadata_builder.py:231: in <genexpr>
    _create_gdn_builder(test_case.num_speculative_tokens, full_cuda_graph)
tests/v1/attention/test_gdn_metadata_builder.py:156: in _create_gdn_builder
    vllm_config = create_vllm_config(
_ _ _ _ _ _ _ _ _ _ _ _ _ _ _ _ _ _ _ _ _ _ _ _ _ _ _ _ _ _ _ _ _ _ _ _ _ _ _ _ 

model_name = 'Qwen/Qwen3.5-0.8B', tensor_parallel_size = 1, max_model_len = 1024
dtype = 'auto', num_gpu_blocks = 1000, block_size = 16, max_num_seqs = 256
max_num_batched_tokens = 8192, enable_chunked_prefill = True
add_mock_model_methods = True, hf_config_override = None

    def create_vllm_config(
        model_name: str = "meta-llama/Meta-Llama-3-8B",
        tensor_parallel_size: int = 1,
        max_model_len: int = 1024,
        dtype: ModelDType | torch.dtype = "auto",
        num_gpu_blocks: int = 1000,
        block_size: int = 16,
        max_num_seqs: int = 256,
        max_num_batched_tokens: int = 8192,
        enable_chunked_prefill: bool = True,
        add_mock_model_methods: bool = True,
        hf_config_override: dict | None = None,
    ) -> VllmConfig:
        """Create a VllmConfig for testing with reasonable defaults."""
>       model_config = ModelConfig(
            model=model_name,
            tokenizer=model_name,
            trust_remote_code=False,
            dtype=dtype,
            seed=0,
            max_model_len=max_model_len,
        )
E       pydantic_core._pydantic_core.ValidationError: 1 validation error for ModelConfig
E         Value error, Invalid repository ID or local directory specified: 'Qwen/Qwen3.5-0.8B'.
E       Please verify the following requirements:
E       1. Provide a valid Hugging Face repository ID.
E       2. Specify a local directory that contains a recognized configuration file.
E          - For Hugging Face models: ensure the presence of a 'config.json'.
E          - For Mistral models: ensure the presence of a 'params.json'.
E        [type=value_error, input_value=ArgsKwargs((), {'model': ... 'max_model_len': 1024}), input_type=ArgsKwargs]
E           For further information visit https://errors.pydantic.dev/2.13/v/value_error

tests/v1/attention/utils.py:196: ValidationError
_ test_update_block_table_matches_build[zero_length_padding_with_spec-True-align] _

test_case = GDNBuildTestCase(seq_lens=[16, 65, 20], query_lens=[0, 1, 3], num_decode_draft_tokens=[-1, -1, 2], num_speculative_tokens=2, expected_num_decodes=0, expected_num_prefills=1, expected_num_prefill_tokens=1, expected_num_spec_decodes=1)
full_cuda_graph = True, mamba_cache_mode = 'align'

    @pytest.mark.parametrize("mamba_cache_mode", ["none", "align"])
    @pytest.mark.parametrize("full_cuda_graph", [False, True])
    @pytest.mark.parametrize(
        "test_case", GDN_BUILD_TEST_CASES.values(), ids=GDN_BUILD_TEST_CASES.keys()
    )
    def test_update_block_table_matches_build(
        test_case: GDNBuildTestCase, full_cuda_graph: bool, mamba_cache_mode: str
    ):
        """update_block_table() on another group's metadata matches build()."""
        batch = BatchSpec(seq_lens=test_case.seq_lens, query_lens=test_case.query_lens)
>       src, dst, ref = (
        ^^^^^^^^^^^^^
            _create_gdn_builder(test_case.num_speculative_tokens, full_cuda_graph)
            for _ in range(3)
        )

tests/v1/attention/test_gdn_metadata_builder.py:230: 
_ _ _ _ _ _ _ _ _ _ _ _ _ _ _ _ _ _ _ _ _ _ _ _ _ _ _ _ _ _ _ _ _ _ _ _ _ _ _ _ 
tests/v1/attention/test_gdn_metadata_builder.py:231: in <genexpr>
    _create_gdn_builder(test_case.num_speculative_tokens, full_cuda_graph)
tests/v1/attention/test_gdn_metadata_builder.py:156: in _create_gdn_builder
    vllm_config = create_vllm_config(
_ _ _ _ _ _ _ _ _ _ _ _ _ _ _ _ _ _ _ _ _ _ _ _ _ _ _ _ _ _ _ _ _ _ _ _ _ _ _ _ 

model_name = 'Qwen/Qwen3.5-0.8B', tensor_parallel_size = 1, max_model_len = 1024
dtype = 'auto', num_gpu_blocks = 1000, block_size = 16, max_num_seqs = 256
max_num_batched_tokens = 8192, enable_chunked_prefill = True
add_mock_model_methods = True, hf_config_override = None

    def create_vllm_config(
        model_name: str = "meta-llama/Meta-Llama-3-8B",
        tensor_parallel_size: int = 1,
        max_model_len: int = 1024,
        dtype: ModelDType | torch.dtype = "auto",
        num_gpu_blocks: int = 1000,
        block_size: int = 16,
        max_num_seqs: int = 256,
        max_num_batched_tokens: int = 8192,
        enable_chunked_prefill: bool = True,
        add_mock_model_methods: bool = True,
        hf_config_override: dict | None = None,
    ) -> VllmConfig:
        """Create a VllmConfig for testing with reasonable defaults."""
>       model_config = ModelConfig(
            model=model_name,
            tokenizer=model_name,
            trust_remote_code=False,
            dtype=dtype,
            seed=0,
            max_model_len=max_model_len,
        )
E       pydantic_core._pydantic_core.ValidationError: 1 validation error for ModelConfig
E         Value error, Invalid repository ID or local directory specified: 'Qwen/Qwen3.5-0.8B'.
E       Please verify the following requirements:
E       1. Provide a valid Hugging Face repository ID.
E       2. Specify a local directory that contains a recognized configuration file.
E          - For Hugging Face models: ensure the presence of a 'config.json'.
E          - For Mistral models: ensure the presence of a 'params.json'.
E        [type=value_error, input_value=ArgsKwargs((), {'model': ... 'max_model_len': 1024}), input_type=ArgsKwargs]
E           For further information visit https://errors.pydantic.dev/2.13/v/value_error

tests/v1/attention/utils.py:196: ValidationError
_________ test_flashinfer_indices_follow_group_remapping[False-False] __________

full_cuda_graph = False, mixed_prefill = False

    @pytest.mark.parametrize("full_cuda_graph", [False, True])
    @pytest.mark.parametrize("mixed_prefill", [False, True])
    def test_flashinfer_indices_follow_group_remapping(
        full_cuda_graph: bool, mixed_prefill: bool
    ):
        """Group reuse remaps decode slots without exposing the null cache slot."""
>       src, dst = (
        ^^^^^^^^
            _create_gdn_builder(
                full_cuda_graph=full_cuda_graph, decode_backend="flashinfer"
            )
            for _ in range(2)
        )

tests/v1/attention/test_gdn_metadata_builder.py:275: 
_ _ _ _ _ _ _ _ _ _ _ _ _ _ _ _ _ _ _ _ _ _ _ _ _ _ _ _ _ _ _ _ _ _ _ _ _ _ _ _ 
tests/v1/attention/test_gdn_metadata_builder.py:276: in <genexpr>
    _create_gdn_builder(
tests/v1/attention/test_gdn_metadata_builder.py:156: in _create_gdn_builder
    vllm_config = create_vllm_config(
_ _ _ _ _ _ _ _ _ _ _ _ _ _ _ _ _ _ _ _ _ _ _ _ _ _ _ _ _ _ _ _ _ _ _ _ _ _ _ _ 

model_name = 'Qwen/Qwen3.5-0.8B', tensor_parallel_size = 1, max_model_len = 1024
dtype = 'auto', num_gpu_blocks = 1000, block_size = 16, max_num_seqs = 256
max_num_batched_tokens = 8192, enable_chunked_prefill = True
add_mock_model_methods = True, hf_config_override = None

    def create_vllm_config(
        model_name: str = "meta-llama/Meta-Llama-3-8B",
        tensor_parallel_size: int = 1,
        max_model_len: int = 1024,
        dtype: ModelDType | torch.dtype = "auto",
        num_gpu_blocks: int = 1000,
        block_size: int = 16,
        max_num_seqs: int = 256,
        max_num_batched_tokens: int = 8192,
        enable_chunked_prefill: bool = True,
        add_mock_model_methods: bool = True,
        hf_config_override: dict | None = None,
    ) -> VllmConfig:
        """Create a VllmConfig for testing with reasonable defaults."""
>       model_config = ModelConfig(
            model=model_name,
            tokenizer=model_name,
            trust_remote_code=False,
            dtype=dtype,
            seed=0,
            max_model_len=max_model_len,
        )
E       pydantic_core._pydantic_core.ValidationError: 1 validation error for ModelConfig
E         Value error, Invalid repository ID or local directory specified: 'Qwen/Qwen3.5-0.8B'.
E       Please verify the following requirements:
E       1. Provide a valid Hugging Face repository ID.
E       2. Specify a local directory that contains a recognized configuration file.
E          - For Hugging Face models: ensure the presence of a 'config.json'.
E          - For Mistral models: ensure the presence of a 'params.json'.
E        [type=value_error, input_value=ArgsKwargs((), {'model': ... 'max_model_len': 1024}), input_type=ArgsKwargs]
E           For further information visit https://errors.pydantic.dev/2.13/v/value_error

tests/v1/attention/utils.py:196: ValidationError
__________ test_flashinfer_indices_follow_group_remapping[False-True] __________

full_cuda_graph = True, mixed_prefill = False

    @pytest.mark.parametrize("full_cuda_graph", [False, True])
    @pytest.mark.parametrize("mixed_prefill", [False, True])
    def test_flashinfer_indices_follow_group_remapping(
        full_cuda_graph: bool, mixed_prefill: bool
    ):
        """Group reuse remaps decode slots without exposing the null cache slot."""
>       src, dst = (
        ^^^^^^^^
            _create_gdn_builder(
                full_cuda_graph=full_cuda_graph, decode_backend="flashinfer"
            )
            for _ in range(2)
        )

tests/v1/attention/test_gdn_metadata_builder.py:275: 
_ _ _ _ _ _ _ _ _ _ _ _ _ _ _ _ _ _ _ _ _ _ _ _ _ _ _ _ _ _ _ _ _ _ _ _ _ _ _ _ 
tests/v1/attention/test_gdn_metadata_builder.py:276: in <genexpr>
    _create_gdn_builder(
tests/v1/attention/test_gdn_metadata_builder.py:156: in _create_gdn_builder
    vllm_config = create_vllm_config(
_ _ _ _ _ _ _ _ _ _ _ _ _ _ _ _ _ _ _ _ _ _ _ _ _ _ _ _ _ _ _ _ _ _ _ _ _ _ _ _ 

model_name = 'Qwen/Qwen3.5-0.8B', tensor_parallel_size = 1, max_model_len = 1024
dtype = 'auto', num_gpu_blocks = 1000, block_size = 16, max_num_seqs = 256
max_num_batched_tokens = 8192, enable_chunked_prefill = True
add_mock_model_methods = True, hf_config_override = None

    def create_vllm_config(
        model_name: str = "meta-llama/Meta-Llama-3-8B",
        tensor_parallel_size: int = 1,
        max_model_len: int = 1024,
        dtype: ModelDType | torch.dtype = "auto",
        num_gpu_blocks: int = 1000,
        block_size: int = 16,
        max_num_seqs: int = 256,
        max_num_batched_tokens: int = 8192,
        enable_chunked_prefill: bool = True,
        add_mock_model_methods: bool = True,
        hf_config_override: dict | None = None,
    ) -> VllmConfig:
        """Create a VllmConfig for testing with reasonable defaults."""
>       model_config = ModelConfig(
            model=model_name,
            tokenizer=model_name,
            trust_remote_code=False,
            dtype=dtype,
            seed=0,
            max_model_len=max_model_len,
        )
E       pydantic_core._pydantic_core.ValidationError: 1 validation error for ModelConfig
E         Value error, Invalid repository ID or local directory specified: 'Qwen/Qwen3.5-0.8B'.
E       Please verify the following requirements:
E       1. Provide a valid Hugging Face repository ID.
E       2. Specify a local directory that contains a recognized configuration file.
E          - For Hugging Face models: ensure the presence of a 'config.json'.
E          - For Mistral models: ensure the presence of a 'params.json'.
E        [type=value_error, input_value=ArgsKwargs((), {'model': ... 'max_model_len': 1024}), input_type=ArgsKwargs]
E           For further information visit https://errors.pydantic.dev/2.13/v/value_error

tests/v1/attention/utils.py:196: ValidationError
__________ test_flashinfer_indices_follow_group_remapping[True-False] __________

full_cuda_graph = False, mixed_prefill = True

    @pytest.mark.parametrize("full_cuda_graph", [False, True])
    @pytest.mark.parametrize("mixed_prefill", [False, True])
    def test_flashinfer_indices_follow_group_remapping(
        full_cuda_graph: bool, mixed_prefill: bool
    ):
        """Group reuse remaps decode slots without exposing the null cache slot."""
>       src, dst = (
        ^^^^^^^^
            _create_gdn_builder(
                full_cuda_graph=full_cuda_graph, decode_backend="flashinfer"
            )
            for _ in range(2)
        )

tests/v1/attention/test_gdn_metadata_builder.py:275: 
_ _ _ _ _ _ _ _ _ _ _ _ _ _ _ _ _ _ _ _ _ _ _ _ _ _ _ _ _ _ _ _ _ _ _ _ _ _ _ _ 
tests/v1/attention/test_gdn_metadata_builder.py:276: in <genexpr>
    _create_gdn_builder(
tests/v1/attention/test_gdn_metadata_builder.py:156: in _create_gdn_builder
    vllm_config = create_vllm_config(
_ _ _ _ _ _ _ _ _ _ _ _ _ _ _ _ _ _ _ _ _ _ _ _ _ _ _ _ _ _ _ _ _ _ _ _ _ _ _ _ 

model_name = 'Qwen/Qwen3.5-0.8B', tensor_parallel_size = 1, max_model_len = 1024
dtype = 'auto', num_gpu_blocks = 1000, block_size = 16, max_num_seqs = 256
max_num_batched_tokens = 8192, enable_chunked_prefill = True
add_mock_model_methods = True, hf_config_override = None

    def create_vllm_config(
        model_name: str = "meta-llama/Meta-Llama-3-8B",
        tensor_parallel_size: int = 1,
        max_model_len: int = 1024,
        dtype: ModelDType | torch.dtype = "auto",
        num_gpu_blocks: int = 1000,
        block_size: int = 16,
        max_num_seqs: int = 256,
        max_num_batched_tokens: int = 8192,
        enable_chunked_prefill: bool = True,
        add_mock_model_methods: bool = True,
        hf_config_override: dict | None = None,
    ) -> VllmConfig:
        """Create a VllmConfig for testing with reasonable defaults."""
>       model_config = ModelConfig(
            model=model_name,
            tokenizer=model_name,
            trust_remote_code=False,
            dtype=dtype,
            seed=0,
            max_model_len=max_model_len,
        )
E       pydantic_core._pydantic_core.ValidationError: 1 validation error for ModelConfig
E         Value error, Invalid repository ID or local directory specified: 'Qwen/Qwen3.5-0.8B'.
E       Please verify the following requirements:
E       1. Provide a valid Hugging Face repository ID.
E       2. Specify a local directory that contains a recognized configuration file.
E          - For Hugging Face models: ensure the presence of a 'config.json'.
E          - For Mistral models: ensure the presence of a 'params.json'.
E        [type=value_error, input_value=ArgsKwargs((), {'model': ... 'max_model_len': 1024}), input_type=ArgsKwargs]
E           For further information visit https://errors.pydantic.dev/2.13/v/value_error

tests/v1/attention/utils.py:196: ValidationError
__________ test_flashinfer_indices_follow_group_remapping[True-True] ___________

full_cuda_graph = True, mixed_prefill = True

    @pytest.mark.parametrize("full_cuda_graph", [False, True])
    @pytest.mark.parametrize("mixed_prefill", [False, True])
    def test_flashinfer_indices_follow_group_remapping(
        full_cuda_graph: bool, mixed_prefill: bool
    ):
        """Group reuse remaps decode slots without exposing the null cache slot."""
>       src, dst = (
        ^^^^^^^^
            _create_gdn_builder(
                full_cuda_graph=full_cuda_graph, decode_backend="flashinfer"
            )
            for _ in range(2)
        )

tests/v1/attention/test_gdn_metadata_builder.py:275: 
_ _ _ _ _ _ _ _ _ _ _ _ _ _ _ _ _ _ _ _ _ _ _ _ _ _ _ _ _ _ _ _ _ _ _ _ _ _ _ _ 
tests/v1/attention/test_gdn_metadata_builder.py:276: in <genexpr>
    _create_gdn_builder(
tests/v1/attention/test_gdn_metadata_builder.py:156: in _create_gdn_builder
    vllm_config = create_vllm_config(
_ _ _ _ _ _ _ _ _ _ _ _ _ _ _ _ _ _ _ _ _ _ _ _ _ _ _ _ _ _ _ _ _ _ _ _ _ _ _ _ 

model_name = 'Qwen/Qwen3.5-0.8B', tensor_parallel_size = 1, max_model_len = 1024
dtype = 'auto', num_gpu_blocks = 1000, block_size = 16, max_num_seqs = 256
max_num_batched_tokens = 8192, enable_chunked_prefill = True
add_mock_model_methods = True, hf_config_override = None

    def create_vllm_config(
        model_name: str = "meta-llama/Meta-Llama-3-8B",
        tensor_parallel_size: int = 1,
        max_model_len: int = 1024,
        dtype: ModelDType | torch.dtype = "auto",
        num_gpu_blocks: int = 1000,
        block_size: int = 16,
        max_num_seqs: int = 256,
        max_num_batched_tokens: int = 8192,
        enable_chunked_prefill: bool = True,
        add_mock_model_methods: bool = True,
        hf_config_override: dict | None = None,
    ) -> VllmConfig:
        """Create a VllmConfig for testing with reasonable defaults."""
>       model_config = ModelConfig(
            model=model_name,
            tokenizer=model_name,
            trust_remote_code=False,
            dtype=dtype,
            seed=0,
            max_model_len=max_model_len,
        )
E       pydantic_core._pydantic_core.ValidationError: 1 validation error for ModelConfig
E         Value error, Invalid repository ID or local directory specified: 'Qwen/Qwen3.5-0.8B'.
E       Please verify the following requirements:
E       1. Provide a valid Hugging Face repository ID.
E       2. Specify a local directory that contains a recognized configuration file.
E          - For Hugging Face models: ensure the presence of a 'config.json'.
E          - For Mistral models: ensure the presence of a 'params.json'.
E        [type=value_error, input_value=ArgsKwargs((), {'model': ... 'max_model_len': 1024}), input_type=ArgsKwargs]
E           For further information visit https://errors.pydantic.dev/2.13/v/value_error

tests/v1/attention/utils.py:196: ValidationError
________________ test_has_initial_state_after_reclassification _________________

    def test_has_initial_state_after_reclassification():
        """After reclassification, num_prefills > 0 so the prefill kernel path
        should compute has_initial_state. For the reclassified request with
        context_lens > 0, the corresponding entry must be True."""
>       builder = _create_gdn_builder(num_speculative_tokens=2)
                  ^^^^^^^^^^^^^^^^^^^^^^^^^^^^^^^^^^^^^^^^^^^^^

tests/v1/attention/test_gdn_metadata_builder.py:325: 
_ _ _ _ _ _ _ _ _ _ _ _ _ _ _ _ _ _ _ _ _ _ _ _ _ _ _ _ _ _ _ _ _ _ _ _ _ _ _ _ 
tests/v1/attention/test_gdn_metadata_builder.py:156: in _create_gdn_builder
    vllm_config = create_vllm_config(
_ _ _ _ _ _ _ _ _ _ _ _ _ _ _ _ _ _ _ _ _ _ _ _ _ _ _ _ _ _ _ _ _ _ _ _ _ _ _ _ 

model_name = 'Qwen/Qwen3.5-0.8B', tensor_parallel_size = 1, max_model_len = 1024
dtype = 'auto', num_gpu_blocks = 1000, block_size = 16, max_num_seqs = 256
max_num_batched_tokens = 8192, enable_chunked_prefill = True
add_mock_model_methods = True, hf_config_override = None

    def create_vllm_config(
        model_name: str = "meta-llama/Meta-Llama-3-8B",
        tensor_parallel_size: int = 1,
        max_model_len: int = 1024,
        dtype: ModelDType | torch.dtype = "auto",
        num_gpu_blocks: int = 1000,
        block_size: int = 16,
        max_num_seqs: int = 256,
        max_num_batched_tokens: int = 8192,
        enable_chunked_prefill: bool = True,
        add_mock_model_methods: bool = True,
        hf_config_override: dict | None = None,
    ) -> VllmConfig:
        """Create a VllmConfig for testing with reasonable defaults."""
>       model_config = ModelConfig(
            model=model_name,
            tokenizer=model_name,
            trust_remote_code=False,
            dtype=dtype,
            seed=0,
            max_model_len=max_model_len,
        )
E       pydantic_core._pydantic_core.ValidationError: 1 validation error for ModelConfig
E         Value error, Invalid repository ID or local directory specified: 'Qwen/Qwen3.5-0.8B'.
E       Please verify the following requirements:
E       1. Provide a valid Hugging Face repository ID.
E       2. Specify a local directory that contains a recognized configuration file.
E          - For Hugging Face models: ensure the presence of a 'config.json'.
E          - For Mistral models: ensure the presence of a 'params.json'.
E        [type=value_error, input_value=ArgsKwargs((), {'model': ... 'max_model_len': 1024}), input_type=ArgsKwargs]
E           For further information visit https://errors.pydantic.dev/2.13/v/value_error

tests/v1/attention/utils.py:196: ValidationError
_____________ test_full_cudagraph_spec_metadata_uses_request_count _____________

    def test_full_cudagraph_spec_metadata_uses_request_count():
        """FULL cudagraph token padding must not pad request-indexed metadata."""
        num_speculative_tokens = 3
>       builder = _create_gdn_builder(
            num_speculative_tokens=num_speculative_tokens,
            full_cuda_graph=True,
        )

tests/v1/attention/test_gdn_metadata_builder.py:338: 
_ _ _ _ _ _ _ _ _ _ _ _ _ _ _ _ _ _ _ _ _ _ _ _ _ _ _ _ _ _ _ _ _ _ _ _ _ _ _ _ 
tests/v1/attention/test_gdn_metadata_builder.py:156: in _create_gdn_builder
    vllm_config = create_vllm_config(
_ _ _ _ _ _ _ _ _ _ _ _ _ _ _ _ _ _ _ _ _ _ _ _ _ _ _ _ _ _ _ _ _ _ _ _ _ _ _ _ 

model_name = 'Qwen/Qwen3.5-0.8B', tensor_parallel_size = 1, max_model_len = 1024
dtype = 'auto', num_gpu_blocks = 1000, block_size = 16, max_num_seqs = 256
max_num_batched_tokens = 8192, enable_chunked_prefill = True
add_mock_model_methods = True, hf_config_override = None

    def create_vllm_config(
        model_name: str = "meta-llama/Meta-Llama-3-8B",
        tensor_parallel_size: int = 1,
        max_model_len: int = 1024,
        dtype: ModelDType | torch.dtype = "auto",
        num_gpu_blocks: int = 1000,
        block_size: int = 16,
        max_num_seqs: int = 256,
        max_num_batched_tokens: int = 8192,
        enable_chunked_prefill: bool = True,
        add_mock_model_methods: bool = True,
        hf_config_override: dict | None = None,
    ) -> VllmConfig:
        """Create a VllmConfig for testing with reasonable defaults."""
>       model_config = ModelConfig(
            model=model_name,
            tokenizer=model_name,
            trust_remote_code=False,
            dtype=dtype,
            seed=0,
            max_model_len=max_model_len,
        )
E       pydantic_core._pydantic_core.ValidationError: 1 validation error for ModelConfig
E         Value error, Invalid repository ID or local directory specified: 'Qwen/Qwen3.5-0.8B'.
E       Please verify the following requirements:
E       1. Provide a valid Hugging Face repository ID.
E       2. Specify a local directory that contains a recognized configuration file.
E          - For Hugging Face models: ensure the presence of a 'config.json'.
E          - For Mistral models: ensure the presence of a 'params.json'.
E        [type=value_error, input_value=ArgsKwargs((), {'model': ... 'max_model_len': 1024}), input_type=ArgsKwargs]
E           For further information visit https://errors.pydantic.dev/2.13/v/value_error

tests/v1/attention/utils.py:196: ValidationError
_______________ test_one_token_chunk_classification[first-chunk] _______________

seq_len = 1, query_len = 1, is_prefilling = True, num_prefills = 1

    @pytest.mark.parametrize(
        ("seq_len", "query_len", "is_prefilling", "num_prefills"),
        [
            pytest.param(1, 1, True, 1, id="first-chunk"),
            pytest.param(65, 1, True, 0, id="resumed-chunk"),
            pytest.param(0, 0, True, 0, id="padding"),
            pytest.param(1, 1, None, 0, id="missing-prefill-flag"),
        ],
    )
    def test_one_token_chunk_classification(
        seq_len: int,
        query_len: int,
        is_prefilling: bool | None,
        num_prefills: int,
    ):
        """Only a real first chunk with a prefill flag needs state initialization."""
>       _, _, meta = _build_non_spec(
            BatchSpec(seq_lens=[100, seq_len], query_lens=[1, query_len]),
            is_prefilling=None if is_prefilling is None else [False, is_prefilling],
        )

tests/v1/attention/test_gdn_metadata_builder.py:392: 
_ _ _ _ _ _ _ _ _ _ _ _ _ _ _ _ _ _ _ _ _ _ _ _ _ _ _ _ _ _ _ _ _ _ _ _ _ _ _ _ 
tests/v1/attention/test_gdn_metadata_builder.py:372: in _build_non_spec
    builder = _create_gdn_builder(full_cuda_graph=full_cuda_graph)
              ^^^^^^^^^^^^^^^^^^^^^^^^^^^^^^^^^^^^^^^^^^^^^^^^^^^^
tests/v1/attention/test_gdn_metadata_builder.py:156: in _create_gdn_builder
    vllm_config = create_vllm_config(
_ _ _ _ _ _ _ _ _ _ _ _ _ _ _ _ _ _ _ _ _ _ _ _ _ _ _ _ _ _ _ _ _ _ _ _ _ _ _ _ 

model_name = 'Qwen/Qwen3.5-0.8B', tensor_parallel_size = 1, max_model_len = 1024
dtype = 'auto', num_gpu_blocks = 1000, block_size = 16, max_num_seqs = 256
max_num_batched_tokens = 8192, enable_chunked_prefill = True
add_mock_model_methods = True, hf_config_override = None

    def create_vllm_config(
        model_name: str = "meta-llama/Meta-Llama-3-8B",
        tensor_parallel_size: int = 1,
        max_model_len: int = 1024,
        dtype: ModelDType | torch.dtype = "auto",
        num_gpu_blocks: int = 1000,
        block_size: int = 16,
        max_num_seqs: int = 256,
        max_num_batched_tokens: int = 8192,
        enable_chunked_prefill: bool = True,
        add_mock_model_methods: bool = True,
        hf_config_override: dict | None = None,
    ) -> VllmConfig:
        """Create a VllmConfig for testing with reasonable defaults."""
>       model_config = ModelConfig(
            model=model_name,
            tokenizer=model_name,
            trust_remote_code=False,
            dtype=dtype,
            seed=0,
            max_model_len=max_model_len,
        )
E       pydantic_core._pydantic_core.ValidationError: 1 validation error for ModelConfig
E         Value error, Invalid repository ID or local directory specified: 'Qwen/Qwen3.5-0.8B'.
E       Please verify the following requirements:
E       1. Provide a valid Hugging Face repository ID.
E       2. Specify a local directory that contains a recognized configuration file.
E          - For Hugging Face models: ensure the presence of a 'config.json'.
E          - For Mistral models: ensure the presence of a 'params.json'.
E        [type=value_error, input_value=ArgsKwargs((), {'model': ... 'max_model_len': 1024}), input_type=ArgsKwargs]
E           For further information visit https://errors.pydantic.dev/2.13/v/value_error

tests/v1/attention/utils.py:196: ValidationError
______________ test_one_token_chunk_classification[resumed-chunk] ______________

seq_len = 65, query_len = 1, is_prefilling = True, num_prefills = 0

    @pytest.mark.parametrize(
        ("seq_len", "query_len", "is_prefilling", "num_prefills"),
        [
            pytest.param(1, 1, True, 1, id="first-chunk"),
            pytest.param(65, 1, True, 0, id="resumed-chunk"),
            pytest.param(0, 0, True, 0, id="padding"),
            pytest.param(1, 1, None, 0, id="missing-prefill-flag"),
        ],
    )
    def test_one_token_chunk_classification(
        seq_len: int,
        query_len: int,
        is_prefilling: bool | None,
        num_prefills: int,
    ):
        """Only a real first chunk with a prefill flag needs state initialization."""
>       _, _, meta = _build_non_spec(
            BatchSpec(seq_lens=[100, seq_len], query_lens=[1, query_len]),
            is_prefilling=None if is_prefilling is None else [False, is_prefilling],
        )

tests/v1/attention/test_gdn_metadata_builder.py:392: 
_ _ _ _ _ _ _ _ _ _ _ _ _ _ _ _ _ _ _ _ _ _ _ _ _ _ _ _ _ _ _ _ _ _ _ _ _ _ _ _ 
tests/v1/attention/test_gdn_metadata_builder.py:372: in _build_non_spec
    builder = _create_gdn_builder(full_cuda_graph=full_cuda_graph)
              ^^^^^^^^^^^^^^^^^^^^^^^^^^^^^^^^^^^^^^^^^^^^^^^^^^^^
tests/v1/attention/test_gdn_metadata_builder.py:156: in _create_gdn_builder
    vllm_config = create_vllm_config(
_ _ _ _ _ _ _ _ _ _ _ _ _ _ _ _ _ _ _ _ _ _ _ _ _ _ _ _ _ _ _ _ _ _ _ _ _ _ _ _ 

model_name = 'Qwen/Qwen3.5-0.8B', tensor_parallel_size = 1, max_model_len = 1024
dtype = 'auto', num_gpu_blocks = 1000, block_size = 16, max_num_seqs = 256
max_num_batched_tokens = 8192, enable_chunked_prefill = True
add_mock_model_methods = True, hf_config_override = None

    def create_vllm_config(
        model_name: str = "meta-llama/Meta-Llama-3-8B",
        tensor_parallel_size: int = 1,
        max_model_len: int = 1024,
        dtype: ModelDType | torch.dtype = "auto",
        num_gpu_blocks: int = 1000,
        block_size: int = 16,
        max_num_seqs: int = 256,
        max_num_batched_tokens: int = 8192,
        enable_chunked_prefill: bool = True,
        add_mock_model_methods: bool = True,
        hf_config_override: dict | None = None,
    ) -> VllmConfig:
        """Create a VllmConfig for testing with reasonable defaults."""
>       model_config = ModelConfig(
            model=model_name,
            tokenizer=model_name,
            trust_remote_code=False,
            dtype=dtype,
            seed=0,
            max_model_len=max_model_len,
        )
E       pydantic_core._pydantic_core.ValidationError: 1 validation error for ModelConfig
E         Value error, Invalid repository ID or local directory specified: 'Qwen/Qwen3.5-0.8B'.
E       Please verify the following requirements:
E       1. Provide a valid Hugging Face repository ID.
E       2. Specify a local directory that contains a recognized configuration file.
E          - For Hugging Face models: ensure the presence of a 'config.json'.
E          - For Mistral models: ensure the presence of a 'params.json'.
E        [type=value_error, input_value=ArgsKwargs((), {'model': ... 'max_model_len': 1024}), input_type=ArgsKwargs]
E           For further information visit https://errors.pydantic.dev/2.13/v/value_error

tests/v1/attention/utils.py:196: ValidationError
_________________ test_one_token_chunk_classification[padding] _________________

seq_len = 0, query_len = 0, is_prefilling = True, num_prefills = 0

    @pytest.mark.parametrize(
        ("seq_len", "query_len", "is_prefilling", "num_prefills"),
        [
            pytest.param(1, 1, True, 1, id="first-chunk"),
            pytest.param(65, 1, True, 0, id="resumed-chunk"),
            pytest.param(0, 0, True, 0, id="padding"),
            pytest.param(1, 1, None, 0, id="missing-prefill-flag"),
        ],
    )
    def test_one_token_chunk_classification(
        seq_len: int,
        query_len: int,
        is_prefilling: bool | None,
        num_prefills: int,
    ):
        """Only a real first chunk with a prefill flag needs state initialization."""
>       _, _, meta = _build_non_spec(
            BatchSpec(seq_lens=[100, seq_len], query_lens=[1, query_len]),
            is_prefilling=None if is_prefilling is None else [False, is_prefilling],
        )

tests/v1/attention/test_gdn_metadata_builder.py:392: 
_ _ _ _ _ _ _ _ _ _ _ _ _ _ _ _ _ _ _ _ _ _ _ _ _ _ _ _ _ _ _ _ _ _ _ _ _ _ _ _ 
tests/v1/attention/test_gdn_metadata_builder.py:372: in _build_non_spec
    builder = _create_gdn_builder(full_cuda_graph=full_cuda_graph)
              ^^^^^^^^^^^^^^^^^^^^^^^^^^^^^^^^^^^^^^^^^^^^^^^^^^^^
tests/v1/attention/test_gdn_metadata_builder.py:156: in _create_gdn_builder
    vllm_config = create_vllm_config(
_ _ _ _ _ _ _ _ _ _ _ _ _ _ _ _ _ _ _ _ _ _ _ _ _ _ _ _ _ _ _ _ _ _ _ _ _ _ _ _ 

model_name = 'Qwen/Qwen3.5-0.8B', tensor_parallel_size = 1, max_model_len = 1024
dtype = 'auto', num_gpu_blocks = 1000, block_size = 16, max_num_seqs = 256
max_num_batched_tokens = 8192, enable_chunked_prefill = True
add_mock_model_methods = True, hf_config_override = None

    def create_vllm_config(
        model_name: str = "meta-llama/Meta-Llama-3-8B",
        tensor_parallel_size: int = 1,
        max_model_len: int = 1024,
        dtype: ModelDType | torch.dtype = "auto",
        num_gpu_blocks: int = 1000,
        block_size: int = 16,
        max_num_seqs: int = 256,
        max_num_batched_tokens: int = 8192,
        enable_chunked_prefill: bool = True,
        add_mock_model_methods: bool = True,
        hf_config_override: dict | None = None,
    ) -> VllmConfig:
        """Create a VllmConfig for testing with reasonable defaults."""
>       model_config = ModelConfig(
            model=model_name,
            tokenizer=model_name,
            trust_remote_code=False,
            dtype=dtype,
            seed=0,
            max_model_len=max_model_len,
        )
E       pydantic_core._pydantic_core.ValidationError: 1 validation error for ModelConfig
E         Value error, Invalid repository ID or local directory specified: 'Qwen/Qwen3.5-0.8B'.
E       Please verify the following requirements:
E       1. Provide a valid Hugging Face repository ID.
E       2. Specify a local directory that contains a recognized configuration file.
E          - For Hugging Face models: ensure the presence of a 'config.json'.
E          - For Mistral models: ensure the presence of a 'params.json'.
E        [type=value_error, input_value=ArgsKwargs((), {'model': ... 'max_model_len': 1024}), input_type=ArgsKwargs]
E           For further information visit https://errors.pydantic.dev/2.13/v/value_error

tests/v1/attention/utils.py:196: ValidationError
__________ test_one_token_chunk_classification[missing-prefill-flag] ___________

seq_len = 1, query_len = 1, is_prefilling = None, num_prefills = 0

    @pytest.mark.parametrize(
        ("seq_len", "query_len", "is_prefilling", "num_prefills"),
        [
            pytest.param(1, 1, True, 1, id="first-chunk"),
            pytest.param(65, 1, True, 0, id="resumed-chunk"),
            pytest.param(0, 0, True, 0, id="padding"),
            pytest.param(1, 1, None, 0, id="missing-prefill-flag"),
        ],
    )
    def test_one_token_chunk_classification(
        seq_len: int,
        query_len: int,
        is_prefilling: bool | None,
        num_prefills: int,
    ):
        """Only a real first chunk with a prefill flag needs state initialization."""
>       _, _, meta = _build_non_spec(
            BatchSpec(seq_lens=[100, seq_len], query_lens=[1, query_len]),
            is_prefilling=None if is_prefilling is None else [False, is_prefilling],
        )

tests/v1/attention/test_gdn_metadata_builder.py:392: 
_ _ _ _ _ _ _ _ _ _ _ _ _ _ _ _ _ _ _ _ _ _ _ _ _ _ _ _ _ _ _ _ _ _ _ _ _ _ _ _ 
tests/v1/attention/test_gdn_metadata_builder.py:372: in _build_non_spec
    builder = _create_gdn_builder(full_cuda_graph=full_cuda_graph)
              ^^^^^^^^^^^^^^^^^^^^^^^^^^^^^^^^^^^^^^^^^^^^^^^^^^^^
tests/v1/attention/test_gdn_metadata_builder.py:156: in _create_gdn_builder
    vllm_config = create_vllm_config(
_ _ _ _ _ _ _ _ _ _ _ _ _ _ _ _ _ _ _ _ _ _ _ _ _ _ _ _ _ _ _ _ _ _ _ _ _ _ _ _ 

model_name = 'Qwen/Qwen3.5-0.8B', tensor_parallel_size = 1, max_model_len = 1024
dtype = 'auto', num_gpu_blocks = 1000, block_size = 16, max_num_seqs = 256
max_num_batched_tokens = 8192, enable_chunked_prefill = True
add_mock_model_methods = True, hf_config_override = None

    def create_vllm_config(
        model_name: str = "meta-llama/Meta-Llama-3-8B",
        tensor_parallel_size: int = 1,
        max_model_len: int = 1024,
        dtype: ModelDType | torch.dtype = "auto",
        num_gpu_blocks: int = 1000,
        block_size: int = 16,
        max_num_seqs: int = 256,
        max_num_batched_tokens: int = 8192,
        enable_chunked_prefill: bool = True,
        add_mock_model_methods: bool = True,
        hf_config_override: dict | None = None,
    ) -> VllmConfig:
        """Create a VllmConfig for testing with reasonable defaults."""
>       model_config = ModelConfig(
            model=model_name,
            tokenizer=model_name,
            trust_remote_code=False,
            dtype=dtype,
            seed=0,
            max_model_len=max_model_len,
        )
E       pydantic_core._pydantic_core.ValidationError: 1 validation error for ModelConfig
E         Value error, Invalid repository ID or local directory specified: 'Qwen/Qwen3.5-0.8B'.
E       Please verify the following requirements:
E       1. Provide a valid Hugging Face repository ID.
E       2. Specify a local directory that contains a recognized configuration file.
E          - For Hugging Face models: ensure the presence of a 'config.json'.
E          - For Mistral models: ensure the presence of a 'params.json'.
E        [type=value_error, input_value=ArgsKwargs((), {'model': ... 'max_model_len': 1024}), input_type=ArgsKwargs]
E           For further information visit https://errors.pydantic.dev/2.13/v/value_error

tests/v1/attention/utils.py:196: ValidationError
_________________ test_one_token_first_chunk_excludes_padding __________________

    def test_one_token_first_chunk_excludes_padding():
        """Neither padding requests nor padding tokens count as prefill work."""
        common = create_common_attn_metadata(
            BatchSpec(seq_lens=[100, 1, 0, 0], query_lens=[1, 1, 0, 0]),
            BLOCK_SIZE,
            DEVICE,
        ).replace(
            is_prefilling=torch.tensor([False, True, False, False], dtype=torch.bool),
            num_actual_tokens=4,
        )
>       meta = _create_gdn_builder().build(0, common)
               ^^^^^^^^^^^^^^^^^^^^^

tests/v1/attention/test_gdn_metadata_builder.py:418: 
_ _ _ _ _ _ _ _ _ _ _ _ _ _ _ _ _ _ _ _ _ _ _ _ _ _ _ _ _ _ _ _ _ _ _ _ _ _ _ _ 
tests/v1/attention/test_gdn_metadata_builder.py:156: in _create_gdn_builder
    vllm_config = create_vllm_config(
_ _ _ _ _ _ _ _ _ _ _ _ _ _ _ _ _ _ _ _ _ _ _ _ _ _ _ _ _ _ _ _ _ _ _ _ _ _ _ _ 

model_name = 'Qwen/Qwen3.5-0.8B', tensor_parallel_size = 1, max_model_len = 1024
dtype = 'auto', num_gpu_blocks = 1000, block_size = 16, max_num_seqs = 256
max_num_batched_tokens = 8192, enable_chunked_prefill = True
add_mock_model_methods = True, hf_config_override = None

    def create_vllm_config(
        model_name: str = "meta-llama/Meta-Llama-3-8B",
        tensor_parallel_size: int = 1,
        max_model_len: int = 1024,
        dtype: ModelDType | torch.dtype = "auto",
        num_gpu_blocks: int = 1000,
        block_size: int = 16,
        max_num_seqs: int = 256,
        max_num_batched_tokens: int = 8192,
        enable_chunked_prefill: bool = True,
        add_mock_model_methods: bool = True,
        hf_config_override: dict | None = None,
    ) -> VllmConfig:
        """Create a VllmConfig for testing with reasonable defaults."""
>       model_config = ModelConfig(
            model=model_name,
            tokenizer=model_name,
            trust_remote_code=False,
            dtype=dtype,
            seed=0,
            max_model_len=max_model_len,
        )
E       pydantic_core._pydantic_core.ValidationError: 1 validation error for ModelConfig
E         Value error, Invalid repository ID or local directory specified: 'Qwen/Qwen3.5-0.8B'.
E       Please verify the following requirements:
E       1. Provide a valid Hugging Face repository ID.
E       2. Specify a local directory that contains a recognized configuration file.
E          - For Hugging Face models: ensure the presence of a 'config.json'.
E          - For Mistral models: ensure the presence of a 'params.json'.
E        [type=value_error, input_value=ArgsKwargs((), {'model': ... 'max_model_len': 1024}), input_type=ArgsKwargs]
E           For further information visit https://errors.pydantic.dev/2.13/v/value_error

tests/v1/attention/utils.py:196: ValidationError
________________ test_cudagraph_capture_batch_stays_decode_only ________________

    def test_cudagraph_capture_batch_stays_decode_only():
        """Capture rows have no history, but must still select decode kernels."""
        batch = BatchSpec(seq_lens=[1] * 4, query_lens=[1] * 4)
>       builder, common_attn_metadata, _ = _build_non_spec(
            batch, [False] * 4, full_cuda_graph=True
        )

tests/v1/attention/test_gdn_metadata_builder.py:429: 
_ _ _ _ _ _ _ _ _ _ _ _ _ _ _ _ _ _ _ _ _ _ _ _ _ _ _ _ _ _ _ _ _ _ _ _ _ _ _ _ 
tests/v1/attention/test_gdn_metadata_builder.py:372: in _build_non_spec
    builder = _create_gdn_builder(full_cuda_graph=full_cuda_graph)
              ^^^^^^^^^^^^^^^^^^^^^^^^^^^^^^^^^^^^^^^^^^^^^^^^^^^^
tests/v1/attention/test_gdn_metadata_builder.py:156: in _create_gdn_builder
    vllm_config = create_vllm_config(
_ _ _ _ _ _ _ _ _ _ _ _ _ _ _ _ _ _ _ _ _ _ _ _ _ _ _ _ _ _ _ _ _ _ _ _ _ _ _ _ 

model_name = 'Qwen/Qwen3.5-0.8B', tensor_parallel_size = 1, max_model_len = 1024
dtype = 'auto', num_gpu_blocks = 1000, block_size = 16, max_num_seqs = 256
max_num_batched_tokens = 8192, enable_chunked_prefill = True
add_mock_model_methods = True, hf_config_override = None

    def create_vllm_config(
        model_name: str = "meta-llama/Meta-Llama-3-8B",
        tensor_parallel_size: int = 1,
        max_model_len: int = 1024,
        dtype: ModelDType | torch.dtype = "auto",
        num_gpu_blocks: int = 1000,
        block_size: int = 16,
        max_num_seqs: int = 256,
        max_num_batched_tokens: int = 8192,
        enable_chunked_prefill: bool = True,
        add_mock_model_methods: bool = True,
        hf_config_override: dict | None = None,
    ) -> VllmConfig:
        """Create a VllmConfig for testing with reasonable defaults."""
>       model_config = ModelConfig(
            model=model_name,
            tokenizer=model_name,
            trust_remote_code=False,
            dtype=dtype,
            seed=0,
            max_model_len=max_model_len,
        )
E       pydantic_core._pydantic_core.ValidationError: 1 validation error for ModelConfig
E         Value error, Invalid repository ID or local directory specified: 'Qwen/Qwen3.5-0.8B'.
E       Please verify the following requirements:
E       1. Provide a valid Hugging Face repository ID.
E       2. Specify a local directory that contains a recognized configuration file.
E          - For Hugging Face models: ensure the presence of a 'config.json'.
E          - For Mistral models: ensure the presence of a 'params.json'.
E        [type=value_error, input_value=ArgsKwargs((), {'model': ... 'max_model_len': 1024}), input_type=ArgsKwargs]
E           For further information visit https://errors.pydantic.dev/2.13/v/value_error

tests/v1/attention/utils.py:196: ValidationError
_________ test_checkpoint_metadata_preserves_non_spec_order[None-64-0] _________

num_spec = 0, prefix_match_unit = None, expected_offset = 64

    @pytest.mark.parametrize("num_spec", [0, 3])
    @pytest.mark.parametrize(
        "prefix_match_unit, expected_offset", [(None, 64), (16, 96), (8, 96)]
    )
    def test_checkpoint_metadata_preserves_non_spec_order(
        num_spec, prefix_match_unit, expected_offset
    ):
        """Only eligible non-spec rows get a checkpoint in their reserved page."""
        from vllm.v1.attention.backends.utils import NULL_BLOCK_ID
    
>       builder, common, kwargs = _create_checkpoint_builder_and_batch(
            num_spec, prefix_match_unit
        )

tests/v1/attention/test_gdn_metadata_builder.py:501: 
_ _ _ _ _ _ _ _ _ _ _ _ _ _ _ _ _ _ _ _ _ _ _ _ _ _ _ _ _ _ _ _ _ _ _ _ _ _ _ _ 
tests/v1/attention/test_gdn_metadata_builder.py:446: in _create_checkpoint_builder_and_batch
    vllm_config = create_vllm_config(
_ _ _ _ _ _ _ _ _ _ _ _ _ _ _ _ _ _ _ _ _ _ _ _ _ _ _ _ _ _ _ _ _ _ _ _ _ _ _ _ 

model_name = 'Qwen/Qwen3.5-0.8B', tensor_parallel_size = 1, max_model_len = 1024
dtype = 'auto', num_gpu_blocks = 1000, block_size = 16, max_num_seqs = 256
max_num_batched_tokens = 8192, enable_chunked_prefill = True
add_mock_model_methods = True, hf_config_override = None

    def create_vllm_config(
        model_name: str = "meta-llama/Meta-Llama-3-8B",
        tensor_parallel_size: int = 1,
        max_model_len: int = 1024,
        dtype: ModelDType | torch.dtype = "auto",
        num_gpu_blocks: int = 1000,
        block_size: int = 16,
        max_num_seqs: int = 256,
        max_num_batched_tokens: int = 8192,
        enable_chunked_prefill: bool = True,
        add_mock_model_methods: bool = True,
        hf_config_override: dict | None = None,
    ) -> VllmConfig:
        """Create a VllmConfig for testing with reasonable defaults."""
>       model_config = ModelConfig(
            model=model_name,
            tokenizer=model_name,
            trust_remote_code=False,
            dtype=dtype,
            seed=0,
            max_model_len=max_model_len,
        )
E       pydantic_core._pydantic_core.ValidationError: 1 validation error for ModelConfig
E         Value error, Invalid repository ID or local directory specified: 'Qwen/Qwen3.5-0.8B'.
E       Please verify the following requirements:
E       1. Provide a valid Hugging Face repository ID.
E       2. Specify a local directory that contains a recognized configuration file.
E          - For Hugging Face models: ensure the presence of a 'config.json'.
E          - For Mistral models: ensure the presence of a 'params.json'.
E        [type=value_error, input_value=ArgsKwargs((), {'model': ... 'max_model_len': 1024}), input_type=ArgsKwargs]
E           For further information visit https://errors.pydantic.dev/2.13/v/value_error

tests/v1/attention/utils.py:196: ValidationError
_________ test_checkpoint_metadata_preserves_non_spec_order[None-64-3] _________

num_spec = 3, prefix_match_unit = None, expected_offset = 64

    @pytest.mark.parametrize("num_spec", [0, 3])
    @pytest.mark.parametrize(
        "prefix_match_unit, expected_offset", [(None, 64), (16, 96), (8, 96)]
    )
    def test_checkpoint_metadata_preserves_non_spec_order(
        num_spec, prefix_match_unit, expected_offset
    ):
        """Only eligible non-spec rows get a checkpoint in their reserved page."""
        from vllm.v1.attention.backends.utils import NULL_BLOCK_ID
    
>       builder, common, kwargs = _create_checkpoint_builder_and_batch(
            num_spec, prefix_match_unit
        )

tests/v1/attention/test_gdn_metadata_builder.py:501: 
_ _ _ _ _ _ _ _ _ _ _ _ _ _ _ _ _ _ _ _ _ _ _ _ _ _ _ _ _ _ _ _ _ _ _ _ _ _ _ _ 
tests/v1/attention/test_gdn_metadata_builder.py:446: in _create_checkpoint_builder_and_batch
    vllm_config = create_vllm_config(
_ _ _ _ _ _ _ _ _ _ _ _ _ _ _ _ _ _ _ _ _ _ _ _ _ _ _ _ _ _ _ _ _ _ _ _ _ _ _ _ 

model_name = 'Qwen/Qwen3.5-0.8B', tensor_parallel_size = 1, max_model_len = 1024
dtype = 'auto', num_gpu_blocks = 1000, block_size = 16, max_num_seqs = 256
max_num_batched_tokens = 8192, enable_chunked_prefill = True
add_mock_model_methods = True, hf_config_override = None

    def create_vllm_config(
        model_name: str = "meta-llama/Meta-Llama-3-8B",
        tensor_parallel_size: int = 1,
        max_model_len: int = 1024,
        dtype: ModelDType | torch.dtype = "auto",
        num_gpu_blocks: int = 1000,
        block_size: int = 16,
        max_num_seqs: int = 256,
        max_num_batched_tokens: int = 8192,
        enable_chunked_prefill: bool = True,
        add_mock_model_methods: bool = True,
        hf_config_override: dict | None = None,
    ) -> VllmConfig:
        """Create a VllmConfig for testing with reasonable defaults."""
>       model_config = ModelConfig(
            model=model_name,
            tokenizer=model_name,
            trust_remote_code=False,
            dtype=dtype,
            seed=0,
            max_model_len=max_model_len,
        )
E       pydantic_core._pydantic_core.ValidationError: 1 validation error for ModelConfig
E         Value error, Invalid repository ID or local directory specified: 'Qwen/Qwen3.5-0.8B'.
E       Please verify the following requirements:
E       1. Provide a valid Hugging Face repository ID.
E       2. Specify a local directory that contains a recognized configuration file.
E          - For Hugging Face models: ensure the presence of a 'config.json'.
E          - For Mistral models: ensure the presence of a 'params.json'.
E        [type=value_error, input_value=ArgsKwargs((), {'model': ... 'max_model_len': 1024}), input_type=ArgsKwargs]
E           For further information visit https://errors.pydantic.dev/2.13/v/value_error

tests/v1/attention/utils.py:196: ValidationError
__________ test_checkpoint_metadata_preserves_non_spec_order[16-96-0] __________

num_spec = 0, prefix_match_unit = 16, expected_offset = 96

    @pytest.mark.parametrize("num_spec", [0, 3])
    @pytest.mark.parametrize(
        "prefix_match_unit, expected_offset", [(None, 64), (16, 96), (8, 96)]
    )
    def test_checkpoint_metadata_preserves_non_spec_order(
        num_spec, prefix_match_unit, expected_offset
    ):
        """Only eligible non-spec rows get a checkpoint in their reserved page."""
        from vllm.v1.attention.backends.utils import NULL_BLOCK_ID
    
>       builder, common, kwargs = _create_checkpoint_builder_and_batch(
            num_spec, prefix_match_unit
        )

tests/v1/attention/test_gdn_metadata_builder.py:501: 
_ _ _ _ _ _ _ _ _ _ _ _ _ _ _ _ _ _ _ _ _ _ _ _ _ _ _ _ _ _ _ _ _ _ _ _ _ _ _ _ 
tests/v1/attention/test_gdn_metadata_builder.py:446: in _create_checkpoint_builder_and_batch
    vllm_config = create_vllm_config(
_ _ _ _ _ _ _ _ _ _ _ _ _ _ _ _ _ _ _ _ _ _ _ _ _ _ _ _ _ _ _ _ _ _ _ _ _ _ _ _ 

model_name = 'Qwen/Qwen3.5-0.8B', tensor_parallel_size = 1, max_model_len = 1024
dtype = 'auto', num_gpu_blocks = 1000, block_size = 16, max_num_seqs = 256
max_num_batched_tokens = 8192, enable_chunked_prefill = True
add_mock_model_methods = True, hf_config_override = None

    def create_vllm_config(
        model_name: str = "meta-llama/Meta-Llama-3-8B",
        tensor_parallel_size: int = 1,
        max_model_len: int = 1024,
        dtype: ModelDType | torch.dtype = "auto",
        num_gpu_blocks: int = 1000,
        block_size: int = 16,
        max_num_seqs: int = 256,
        max_num_batched_tokens: int = 8192,
        enable_chunked_prefill: bool = True,
        add_mock_model_methods: bool = True,
        hf_config_override: dict | None = None,
    ) -> VllmConfig:
        """Create a VllmConfig for testing with reasonable defaults."""
>       model_config = ModelConfig(
            model=model_name,
            tokenizer=model_name,
            trust_remote_code=False,
            dtype=dtype,
            seed=0,
            max_model_len=max_model_len,
        )
E       pydantic_core._pydantic_core.ValidationError: 1 validation error for ModelConfig
E         Value error, Invalid repository ID or local directory specified: 'Qwen/Qwen3.5-0.8B'.
E       Please verify the following requirements:
E       1. Provide a valid Hugging Face repository ID.
E       2. Specify a local directory that contains a recognized configuration file.
E          - For Hugging Face models: ensure the presence of a 'config.json'.
E          - For Mistral models: ensure the presence of a 'params.json'.
E        [type=value_error, input_value=ArgsKwargs((), {'model': ... 'max_model_len': 1024}), input_type=ArgsKwargs]
E           For further information visit https://errors.pydantic.dev/2.13/v/value_error

tests/v1/attention/utils.py:196: ValidationError
__________ test_checkpoint_metadata_preserves_non_spec_order[16-96-3] __________

num_spec = 3, prefix_match_unit = 16, expected_offset = 96

    @pytest.mark.parametrize("num_spec", [0, 3])
    @pytest.mark.parametrize(
        "prefix_match_unit, expected_offset", [(None, 64), (16, 96), (8, 96)]
    )
    def test_checkpoint_metadata_preserves_non_spec_order(
        num_spec, prefix_match_unit, expected_offset
    ):
        """Only eligible non-spec rows get a checkpoint in their reserved page."""
        from vllm.v1.attention.backends.utils import NULL_BLOCK_ID
    
>       builder, common, kwargs = _create_checkpoint_builder_and_batch(
            num_spec, prefix_match_unit
        )

tests/v1/attention/test_gdn_metadata_builder.py:501: 
_ _ _ _ _ _ _ _ _ _ _ _ _ _ _ _ _ _ _ _ _ _ _ _ _ _ _ _ _ _ _ _ _ _ _ _ _ _ _ _ 
tests/v1/attention/test_gdn_metadata_builder.py:446: in _create_checkpoint_builder_and_batch
    vllm_config = create_vllm_config(
_ _ _ _ _ _ _ _ _ _ _ _ _ _ _ _ _ _ _ _ _ _ _ _ _ _ _ _ _ _ _ _ _ _ _ _ _ _ _ _ 

model_name = 'Qwen/Qwen3.5-0.8B', tensor_parallel_size = 1, max_model_len = 1024
dtype = 'auto', num_gpu_blocks = 1000, block_size = 16, max_num_seqs = 256
max_num_batched_tokens = 8192, enable_chunked_prefill = True
add_mock_model_methods = True, hf_config_override = None

    def create_vllm_config(
        model_name: str = "meta-llama/Meta-Llama-3-8B",
        tensor_parallel_size: int = 1,
        max_model_len: int = 1024,
        dtype: ModelDType | torch.dtype = "auto",
        num_gpu_blocks: int = 1000,
        block_size: int = 16,
        max_num_seqs: int = 256,
        max_num_batched_tokens: int = 8192,
        enable_chunked_prefill: bool = True,
        add_mock_model_methods: bool = True,
        hf_config_override: dict | None = None,
    ) -> VllmConfig:
        """Create a VllmConfig for testing with reasonable defaults."""
>       model_config = ModelConfig(
            model=model_name,
            tokenizer=model_name,
            trust_remote_code=False,
            dtype=dtype,
            seed=0,
            max_model_len=max_model_len,
        )
E       pydantic_core._pydantic_core.ValidationError: 1 validation error for ModelConfig
E         Value error, Invalid repository ID or local directory specified: 'Qwen/Qwen3.5-0.8B'.
E       Please verify the following requirements:
E       1. Provide a valid Hugging Face repository ID.
E       2. Specify a local directory that contains a recognized configuration file.
E          - For Hugging Face models: ensure the presence of a 'config.json'.
E          - For Mistral models: ensure the presence of a 'params.json'.
E        [type=value_error, input_value=ArgsKwargs((), {'model': ... 'max_model_len': 1024}), input_type=ArgsKwargs]
E           For further information visit https://errors.pydantic.dev/2.13/v/value_error

tests/v1/attention/utils.py:196: ValidationError
__________ test_checkpoint_metadata_preserves_non_spec_order[8-96-0] ___________

num_spec = 0, prefix_match_unit = 8, expected_offset = 96

    @pytest.mark.parametrize("num_spec", [0, 3])
    @pytest.mark.parametrize(
        "prefix_match_unit, expected_offset", [(None, 64), (16, 96), (8, 96)]
    )
    def test_checkpoint_metadata_preserves_non_spec_order(
        num_spec, prefix_match_unit, expected_offset
    ):
        """Only eligible non-spec rows get a checkpoint in their reserved page."""
        from vllm.v1.attention.backends.utils import NULL_BLOCK_ID
    
>       builder, common, kwargs = _create_checkpoint_builder_and_batch(
            num_spec, prefix_match_unit
        )

tests/v1/attention/test_gdn_metadata_builder.py:501: 
_ _ _ _ _ _ _ _ _ _ _ _ _ _ _ _ _ _ _ _ _ _ _ _ _ _ _ _ _ _ _ _ _ _ _ _ _ _ _ _ 
tests/v1/attention/test_gdn_metadata_builder.py:446: in _create_checkpoint_builder_and_batch
    vllm_config = create_vllm_config(
_ _ _ _ _ _ _ _ _ _ _ _ _ _ _ _ _ _ _ _ _ _ _ _ _ _ _ _ _ _ _ _ _ _ _ _ _ _ _ _ 

model_name = 'Qwen/Qwen3.5-0.8B', tensor_parallel_size = 1, max_model_len = 1024
dtype = 'auto', num_gpu_blocks = 1000, block_size = 16, max_num_seqs = 256
max_num_batched_tokens = 8192, enable_chunked_prefill = True
add_mock_model_methods = True, hf_config_override = None

    def create_vllm_config(
        model_name: str = "meta-llama/Meta-Llama-3-8B",
        tensor_parallel_size: int = 1,
        max_model_len: int = 1024,
        dtype: ModelDType | torch.dtype = "auto",
        num_gpu_blocks: int = 1000,
        block_size: int = 16,
        max_num_seqs: int = 256,
        max_num_batched_tokens: int = 8192,
        enable_chunked_prefill: bool = True,
        add_mock_model_methods: bool = True,
        hf_config_override: dict | None = None,
    ) -> VllmConfig:
        """Create a VllmConfig for testing with reasonable defaults."""
>       model_config = ModelConfig(
            model=model_name,
            tokenizer=model_name,
            trust_remote_code=False,
            dtype=dtype,
            seed=0,
            max_model_len=max_model_len,
        )
E       pydantic_core._pydantic_core.ValidationError: 1 validation error for ModelConfig
E         Value error, Invalid repository ID or local directory specified: 'Qwen/Qwen3.5-0.8B'.
E       Please verify the following requirements:
E       1. Provide a valid Hugging Face repository ID.
E       2. Specify a local directory that contains a recognized configuration file.
E          - For Hugging Face models: ensure the presence of a 'config.json'.
E          - For Mistral models: ensure the presence of a 'params.json'.
E        [type=value_error, input_value=ArgsKwargs((), {'model': ... 'max_model_len': 1024}), input_type=ArgsKwargs]
E           For further information visit https://errors.pydantic.dev/2.13/v/value_error

tests/v1/attention/utils.py:196: ValidationError
__________ test_checkpoint_metadata_preserves_non_spec_order[8-96-3] ___________

num_spec = 3, prefix_match_unit = 8, expected_offset = 96

    @pytest.mark.parametrize("num_spec", [0, 3])
    @pytest.mark.parametrize(
        "prefix_match_unit, expected_offset", [(None, 64), (16, 96), (8, 96)]
    )
    def test_checkpoint_metadata_preserves_non_spec_order(
        num_spec, prefix_match_unit, expected_offset
    ):
        """Only eligible non-spec rows get a checkpoint in their reserved page."""
        from vllm.v1.attention.backends.utils import NULL_BLOCK_ID
    
>       builder, common, kwargs = _create_checkpoint_builder_and_batch(
            num_spec, prefix_match_unit
        )

tests/v1/attention/test_gdn_metadata_builder.py:501: 
_ _ _ _ _ _ _ _ _ _ _ _ _ _ _ _ _ _ _ _ _ _ _ _ _ _ _ _ _ _ _ _ _ _ _ _ _ _ _ _ 
tests/v1/attention/test_gdn_metadata_builder.py:446: in _create_checkpoint_builder_and_batch
    vllm_config = create_vllm_config(
_ _ _ _ _ _ _ _ _ _ _ _ _ _ _ _ _ _ _ _ _ _ _ _ _ _ _ _ _ _ _ _ _ _ _ _ _ _ _ _ 

model_name = 'Qwen/Qwen3.5-0.8B', tensor_parallel_size = 1, max_model_len = 1024
dtype = 'auto', num_gpu_blocks = 1000, block_size = 16, max_num_seqs = 256
max_num_batched_tokens = 8192, enable_chunked_prefill = True
add_mock_model_methods = True, hf_config_override = None

    def create_vllm_config(
        model_name: str = "meta-llama/Meta-Llama-3-8B",
        tensor_parallel_size: int = 1,
        max_model_len: int = 1024,
        dtype: ModelDType | torch.dtype = "auto",
        num_gpu_blocks: int = 1000,
        block_size: int = 16,
        max_num_seqs: int = 256,
        max_num_batched_tokens: int = 8192,
        enable_chunked_prefill: bool = True,
        add_mock_model_methods: bool = True,
        hf_config_override: dict | None = None,
    ) -> VllmConfig:
        """Create a VllmConfig for testing with reasonable defaults."""
>       model_config = ModelConfig(
            model=model_name,
            tokenizer=model_name,
            trust_remote_code=False,
            dtype=dtype,
            seed=0,
            max_model_len=max_model_len,
        )
E       pydantic_core._pydantic_core.ValidationError: 1 validation error for ModelConfig
E         Value error, Invalid repository ID or local directory specified: 'Qwen/Qwen3.5-0.8B'.
E       Please verify the following requirements:
E       1. Provide a valid Hugging Face repository ID.
E       2. Specify a local directory that contains a recognized configuration file.
E          - For Hugging Face models: ensure the presence of a 'config.json'.
E          - For Mistral models: ensure the presence of a 'params.json'.
E        [type=value_error, input_value=ArgsKwargs((), {'model': ... 'max_model_len': 1024}), input_type=ArgsKwargs]
E           For further information visit https://errors.pydantic.dev/2.13/v/value_error

tests/v1/attention/utils.py:196: ValidationError
_______________ test_update_block_table_regathers_checkpoint[0] ________________

num_spec = 0

    @pytest.mark.parametrize("num_spec", [0, 3])
    def test_update_block_table_regathers_checkpoint(num_spec):
        """Checkpoint pages come from the target group's block table, not the
        source group's (otherwise the target group's checkpoint page is never
        written while the prefix cache treats it as valid)."""
>       src, common, kwargs = _create_checkpoint_builder_and_batch(num_spec)
                              ^^^^^^^^^^^^^^^^^^^^^^^^^^^^^^^^^^^^^^^^^^^^^^

tests/v1/attention/test_gdn_metadata_builder.py:523: 
_ _ _ _ _ _ _ _ _ _ _ _ _ _ _ _ _ _ _ _ _ _ _ _ _ _ _ _ _ _ _ _ _ _ _ _ _ _ _ _ 
tests/v1/attention/test_gdn_metadata_builder.py:446: in _create_checkpoint_builder_and_batch
    vllm_config = create_vllm_config(
_ _ _ _ _ _ _ _ _ _ _ _ _ _ _ _ _ _ _ _ _ _ _ _ _ _ _ _ _ _ _ _ _ _ _ _ _ _ _ _ 

model_name = 'Qwen/Qwen3.5-0.8B', tensor_parallel_size = 1, max_model_len = 1024
dtype = 'auto', num_gpu_blocks = 1000, block_size = 16, max_num_seqs = 256
max_num_batched_tokens = 8192, enable_chunked_prefill = True
add_mock_model_methods = True, hf_config_override = None

    def create_vllm_config(
        model_name: str = "meta-llama/Meta-Llama-3-8B",
        tensor_parallel_size: int = 1,
        max_model_len: int = 1024,
        dtype: ModelDType | torch.dtype = "auto",
        num_gpu_blocks: int = 1000,
        block_size: int = 16,
        max_num_seqs: int = 256,
        max_num_batched_tokens: int = 8192,
        enable_chunked_prefill: bool = True,
        add_mock_model_methods: bool = True,
        hf_config_override: dict | None = None,
    ) -> VllmConfig:
        """Create a VllmConfig for testing with reasonable defaults."""
>       model_config = ModelConfig(
            model=model_name,
            tokenizer=model_name,
            trust_remote_code=False,
            dtype=dtype,
            seed=0,
            max_model_len=max_model_len,
        )
E       pydantic_core._pydantic_core.ValidationError: 1 validation error for ModelConfig
E         Value error, Invalid repository ID or local directory specified: 'Qwen/Qwen3.5-0.8B'.
E       Please verify the following requirements:
E       1. Provide a valid Hugging Face repository ID.
E       2. Specify a local directory that contains a recognized configuration file.
E          - For Hugging Face models: ensure the presence of a 'config.json'.
E          - For Mistral models: ensure the presence of a 'params.json'.
E        [type=value_error, input_value=ArgsKwargs((), {'model': ... 'max_model_len': 1024}), input_type=ArgsKwargs]
E           For further information visit https://errors.pydantic.dev/2.13/v/value_error

tests/v1/attention/utils.py:196: ValidationError
_______________ test_update_block_table_regathers_checkpoint[3] ________________

num_spec = 3

    @pytest.mark.parametrize("num_spec", [0, 3])
    def test_update_block_table_regathers_checkpoint(num_spec):
        """Checkpoint pages come from the target group's block table, not the
        source group's (otherwise the target group's checkpoint page is never
        written while the prefix cache treats it as valid)."""
>       src, common, kwargs = _create_checkpoint_builder_and_batch(num_spec)
                              ^^^^^^^^^^^^^^^^^^^^^^^^^^^^^^^^^^^^^^^^^^^^^^

tests/v1/attention/test_gdn_metadata_builder.py:523: 
_ _ _ _ _ _ _ _ _ _ _ _ _ _ _ _ _ _ _ _ _ _ _ _ _ _ _ _ _ _ _ _ _ _ _ _ _ _ _ _ 
tests/v1/attention/test_gdn_metadata_builder.py:446: in _create_checkpoint_builder_and_batch
    vllm_config = create_vllm_config(
_ _ _ _ _ _ _ _ _ _ _ _ _ _ _ _ _ _ _ _ _ _ _ _ _ _ _ _ _ _ _ _ _ _ _ _ _ _ _ _ 

model_name = 'Qwen/Qwen3.5-0.8B', tensor_parallel_size = 1, max_model_len = 1024
dtype = 'auto', num_gpu_blocks = 1000, block_size = 16, max_num_seqs = 256
max_num_batched_tokens = 8192, enable_chunked_prefill = True
add_mock_model_methods = True, hf_config_override = None

    def create_vllm_config(
        model_name: str = "meta-llama/Meta-Llama-3-8B",
        tensor_parallel_size: int = 1,
        max_model_len: int = 1024,
        dtype: ModelDType | torch.dtype = "auto",
        num_gpu_blocks: int = 1000,
        block_size: int = 16,
        max_num_seqs: int = 256,
        max_num_batched_tokens: int = 8192,
        enable_chunked_prefill: bool = True,
        add_mock_model_methods: bool = True,
        hf_config_override: dict | None = None,
    ) -> VllmConfig:
        """Create a VllmConfig for testing with reasonable defaults."""
>       model_config = ModelConfig(
            model=model_name,
            tokenizer=model_name,
            trust_remote_code=False,
            dtype=dtype,
            seed=0,
            max_model_len=max_model_len,
        )
E       pydantic_core._pydantic_core.ValidationError: 1 validation error for ModelConfig
E         Value error, Invalid repository ID or local directory specified: 'Qwen/Qwen3.5-0.8B'.
E       Please verify the following requirements:
E       1. Provide a valid Hugging Face repository ID.
E       2. Specify a local directory that contains a recognized configuration file.
E          - For Hugging Face models: ensure the presence of a 'config.json'.
E          - For Mistral models: ensure the presence of a 'params.json'.
E        [type=value_error, input_value=ArgsKwargs((), {'model': ... 'max_model_len': 1024}), input_type=ArgsKwargs]
E           For further information visit https://errors.pydantic.dev/2.13/v/value_error

tests/v1/attention/utils.py:196: ValidationError
=============================== warnings summary ===============================
vllm/__init__.py:7
  /source/vllm/__init__.py:7: RuntimeWarning: Failed to read commit hash:
  No module named 'vllm._version'
    from .version import __version__, __version_tuple__  # isort:skip

../cache/gdn-runtime/lib/python3.12/site-packages/torch/jit/_script.py:365: 14 warnings
  /cache/gdn-runtime/lib/python3.12/site-packages/torch/jit/_script.py:365: DeprecationWarning: `torch.jit.script_method` is deprecated. Please switch to `torch.compile` or `torch.export`.
    warnings.warn(

-- Docs: https://docs.pytest.org/en/stable/how-to/capture-warnings.html
------------ generated xml file: /results/focused/gdn-metadata.xml -------------
=========================== short test summary info ============================
FAILED tests/v1/attention/test_gdn_metadata_builder.py::test_gdn_build_classification[mixed_decode_and_spec_decode]
FAILED tests/v1/attention/test_gdn_metadata_builder.py::test_gdn_build_classification[pure_spec_decode]
FAILED tests/v1/attention/test_gdn_metadata_builder.py::test_gdn_build_classification[pure_spec_decode_with_padding]
FAILED tests/v1/attention/test_gdn_metadata_builder.py::test_gdn_build_classification[pure_regular_decode]
FAILED tests/v1/attention/test_gdn_metadata_builder.py::test_gdn_build_classification[regular_decode_with_prefill]
FAILED tests/v1/attention/test_gdn_metadata_builder.py::test_gdn_build_classification[spec_decode_with_real_prefill]
FAILED tests/v1/attention/test_gdn_metadata_builder.py::test_gdn_build_classification[prefill_decode_and_spec_decode]
FAILED tests/v1/attention/test_gdn_metadata_builder.py::test_gdn_build_classification[multiple_decodes_reclassified]
FAILED tests/v1/attention/test_gdn_metadata_builder.py::test_gdn_build_classification[zero_length_padding_with_spec]
FAILED tests/v1/attention/test_gdn_metadata_builder.py::test_update_block_table_matches_build[mixed_decode_and_spec_decode-False-none]
FAILED tests/v1/attention/test_gdn_metadata_builder.py::test_update_block_table_matches_build[mixed_decode_and_spec_decode-False-align]
FAILED tests/v1/attention/test_gdn_metadata_builder.py::test_update_block_table_matches_build[mixed_decode_and_spec_decode-True-none]
FAILED tests/v1/attention/test_gdn_metadata_builder.py::test_update_block_table_matches_build[mixed_decode_and_spec_decode-True-align]
FAILED tests/v1/attention/test_gdn_metadata_builder.py::test_update_block_table_matches_build[pure_spec_decode-False-none]
FAILED tests/v1/attention/test_gdn_metadata_builder.py::test_update_block_table_matches_build[pure_spec_decode-False-align]
FAILED tests/v1/attention/test_gdn_metadata_builder.py::test_update_block_table_matches_build[pure_spec_decode-True-none]
FAILED tests/v1/attention/test_gdn_metadata_builder.py::test_update_block_table_matches_build[pure_spec_decode-True-align]
FAILED tests/v1/attention/test_gdn_metadata_builder.py::test_update_block_table_matches_build[pure_spec_decode_with_padding-False-none]
FAILED tests/v1/attention/test_gdn_metadata_builder.py::test_update_block_table_matches_build[pure_spec_decode_with_padding-False-align]
FAILED tests/v1/attention/test_gdn_metadata_builder.py::test_update_block_table_matches_build[pure_spec_decode_with_padding-True-none]
FAILED tests/v1/attention/test_gdn_metadata_builder.py::test_update_block_table_matches_build[pure_spec_decode_with_padding-True-align]
FAILED tests/v1/attention/test_gdn_metadata_builder.py::test_update_block_table_matches_build[pure_regular_decode-False-none]
FAILED tests/v1/attention/test_gdn_metadata_builder.py::test_update_block_table_matches_build[pure_regular_decode-False-align]
FAILED tests/v1/attention/test_gdn_metadata_builder.py::test_update_block_table_matches_build[pure_regular_decode-True-none]
FAILED tests/v1/attention/test_gdn_metadata_builder.py::test_update_block_table_matches_build[pure_regular_decode-True-align]
FAILED tests/v1/attention/test_gdn_metadata_builder.py::test_update_block_table_matches_build[regular_decode_with_prefill-False-none]
FAILED tests/v1/attention/test_gdn_metadata_builder.py::test_update_block_table_matches_build[regular_decode_with_prefill-False-align]
FAILED tests/v1/attention/test_gdn_metadata_builder.py::test_update_block_table_matches_build[regular_decode_with_prefill-True-none]
FAILED tests/v1/attention/test_gdn_metadata_builder.py::test_update_block_table_matches_build[regular_decode_with_prefill-True-align]
FAILED tests/v1/attention/test_gdn_metadata_builder.py::test_update_block_table_matches_build[spec_decode_with_real_prefill-False-none]
FAILED tests/v1/attention/test_gdn_metadata_builder.py::test_update_block_table_matches_build[spec_decode_with_real_prefill-False-align]
FAILED tests/v1/attention/test_gdn_metadata_builder.py::test_update_block_table_matches_build[spec_decode_with_real_prefill-True-none]
FAILED tests/v1/attention/test_gdn_metadata_builder.py::test_update_block_table_matches_build[spec_decode_with_real_prefill-True-align]
FAILED tests/v1/attention/test_gdn_metadata_builder.py::test_update_block_table_matches_build[prefill_decode_and_spec_decode-False-none]
FAILED tests/v1/attention/test_gdn_metadata_builder.py::test_update_block_table_matches_build[prefill_decode_and_spec_decode-False-align]
FAILED tests/v1/attention/test_gdn_metadata_builder.py::test_update_block_table_matches_build[prefill_decode_and_spec_decode-True-none]
FAILED tests/v1/attention/test_gdn_metadata_builder.py::test_update_block_table_matches_build[prefill_decode_and_spec_decode-True-align]
FAILED tests/v1/attention/test_gdn_metadata_builder.py::test_update_block_table_matches_build[multiple_decodes_reclassified-False-none]
FAILED tests/v1/attention/test_gdn_metadata_builder.py::test_update_block_table_matches_build[multiple_decodes_reclassified-False-align]
FAILED tests/v1/attention/test_gdn_metadata_builder.py::test_update_block_table_matches_build[multiple_decodes_reclassified-True-none]
FAILED tests/v1/attention/test_gdn_metadata_builder.py::test_update_block_table_matches_build[multiple_decodes_reclassified-True-align]
FAILED tests/v1/attention/test_gdn_metadata_builder.py::test_update_block_table_matches_build[zero_length_padding_with_spec-False-none]
FAILED tests/v1/attention/test_gdn_metadata_builder.py::test_update_block_table_matches_build[zero_length_padding_with_spec-False-align]
FAILED tests/v1/attention/test_gdn_metadata_builder.py::test_update_block_table_matches_build[zero_length_padding_with_spec-True-none]
FAILED tests/v1/attention/test_gdn_metadata_builder.py::test_update_block_table_matches_build[zero_length_padding_with_spec-True-align]
FAILED tests/v1/attention/test_gdn_metadata_builder.py::test_flashinfer_indices_follow_group_remapping[False-False]
FAILED tests/v1/attention/test_gdn_metadata_builder.py::test_flashinfer_indices_follow_group_remapping[False-True]
FAILED tests/v1/attention/test_gdn_metadata_builder.py::test_flashinfer_indices_follow_group_remapping[True-False]
FAILED tests/v1/attention/test_gdn_metadata_builder.py::test_flashinfer_indices_follow_group_remapping[True-True]
FAILED tests/v1/attention/test_gdn_metadata_builder.py::test_has_initial_state_after_reclassification
FAILED tests/v1/attention/test_gdn_metadata_builder.py::test_full_cudagraph_spec_metadata_uses_request_count
FAILED tests/v1/attention/test_gdn_metadata_builder.py::test_one_token_chunk_classification[first-chunk]
FAILED tests/v1/attention/test_gdn_metadata_builder.py::test_one_token_chunk_classification[resumed-chunk]
FAILED tests/v1/attention/test_gdn_metadata_builder.py::test_one_token_chunk_classification[padding]
FAILED tests/v1/attention/test_gdn_metadata_builder.py::test_one_token_chunk_classification[missing-prefill-flag]
FAILED tests/v1/attention/test_gdn_metadata_builder.py::test_one_token_first_chunk_excludes_padding
FAILED tests/v1/attention/test_gdn_metadata_builder.py::test_cudagraph_capture_batch_stays_decode_only
FAILED tests/v1/attention/test_gdn_metadata_builder.py::test_checkpoint_metadata_preserves_non_spec_order[None-64-0]
FAILED tests/v1/attention/test_gdn_metadata_builder.py::test_checkpoint_metadata_preserves_non_spec_order[None-64-3]
FAILED tests/v1/attention/test_gdn_metadata_builder.py::test_checkpoint_metadata_preserves_non_spec_order[16-96-0]
FAILED tests/v1/attention/test_gdn_metadata_builder.py::test_checkpoint_metadata_preserves_non_spec_order[16-96-3]
FAILED tests/v1/attention/test_gdn_metadata_builder.py::test_checkpoint_metadata_preserves_non_spec_order[8-96-0]
FAILED tests/v1/attention/test_gdn_metadata_builder.py::test_checkpoint_metadata_preserves_non_spec_order[8-96-3]
FAILED tests/v1/attention/test_gdn_metadata_builder.py::test_update_block_table_regathers_checkpoint[0]
FAILED tests/v1/attention/test_gdn_metadata_builder.py::test_update_block_table_regathers_checkpoint[3]
65 failed, 15 warnings in 9.78s
